,fname,label
0,train/000000.jpg,1
1,train/000001.jpg,1
2,train/000002.jpg,1
3,train/000003.jpg,0
4,train/000004.jpg,1
5,train/000005.jpg,0
6,train/000006.jpg,0
7,train/000007.jpg,0
8,train/000008.jpg,1
9,train/000009.jpg,0
10,train/000010.jpg,0
11,train/000011.jpg,0
12,train/000012.jpg,0
13,train/000013.jpg,0
14,train/000014.jpg,0
15,train/000015.jpg,0
16,train/000016.jpg,1
17,train/000017.jpg,1
18,train/000018.jpg,1
19,train/000019.jpg,0
20,train/000020.jpg,1
21,train/000021.jpg,1
22,train/000022.jpg,1
23,train/000023.jpg,0
24,train/000024.jpg,1
25,train/000025.jpg,0
26,train/000026.jpg,0
27,train/000027.jpg,0
28,train/000028.jpg,0
29,train/000029.jpg,0
30,train/000030.jpg,1
31,train/000031.jpg,0
32,train/000032.jpg,0
33,train/000033.jpg,0
34,train/000034.jpg,0
35,train/000035.jpg,0
36,train/000036.jpg,0
37,train/000037.jpg,1
38,train/000038.jpg,1
39,train/000039.jpg,1
40,train/000040.jpg,0
41,train/000041.jpg,1
42,train/000042.jpg,0
43,train/000043.jpg,1
44,train/000044.jpg,0
45,train/000045.jpg,0
46,train/000046.jpg,1
47,train/000047.jpg,0
48,train/000048.jpg,0
49,train/000049.jpg,0
50,train/000050.jpg,1
51,train/000051.jpg,1
52,train/000052.jpg,0
53,train/000053.jpg,0
54,train/000054.jpg,1
55,train/000055.jpg,0
56,train/000056.jpg,0
57,train/000057.jpg,0
58,train/000058.jpg,0
59,train/000059.jpg,1
60,train/000060.jpg,1
61,train/000061.jpg,1
62,train/000062.jpg,1
63,train/000063.jpg,1
64,train/000064.jpg,1
65,train/000065.jpg,0
66,train/000066.jpg,0
67,train/000067.jpg,0
68,train/000068.jpg,0
69,train/000069.jpg,0
70,train/000070.jpg,0
71,train/000071.jpg,0
72,train/000072.jpg,1
73,train/000073.jpg,0
74,train/000074.jpg,0
75,train/000075.jpg,0
76,train/000076.jpg,0
77,train/000077.jpg,0
78,train/000078.jpg,0
79,train/000079.jpg,0
80,train/000080.jpg,0
81,train/000081.jpg,1
82,train/000082.jpg,0
83,train/000083.jpg,0
84,train/000084.jpg,1
85,train/000085.jpg,1
86,train/000086.jpg,0
87,train/000087.jpg,0
88,train/000088.jpg,0
89,train/000089.jpg,0
90,train/000090.jpg,1
91,train/000091.jpg,0
92,train/000092.jpg,0
93,train/000093.jpg,1
94,train/000094.jpg,1
95,train/000095.jpg,0
96,train/000096.jpg,1
97,train/000097.jpg,1
98,train/000098.jpg,1
99,train/000099.jpg,0
100,train/000100.jpg,1
101,train/000101.jpg,1
102,train/000102.jpg,0
103,train/000103.jpg,1
104,train/000104.jpg,0
105,train/000105.jpg,1
106,train/000106.jpg,0
107,train/000107.jpg,1
108,train/000108.jpg,1
109,train/000109.jpg,0
110,train/000110.jpg,0
111,train/000111.jpg,0
112,train/000112.jpg,0
113,train/000113.jpg,0
114,train/000114.jpg,0
115,train/000115.jpg,0
116,train/000116.jpg,0
117,train/000117.jpg,0
118,train/000118.jpg,1
119,train/000119.jpg,1
120,train/000120.jpg,1
121,train/000121.jpg,1
122,train/000122.jpg,1
123,train/000123.jpg,0
124,train/000124.jpg,0
125,train/000125.jpg,0
126,train/000126.jpg,0
127,train/000127.jpg,0
128,train/000128.jpg,1
129,train/000129.jpg,0
130,train/000130.jpg,0
131,train/000131.jpg,1
132,train/000132.jpg,0
133,train/000133.jpg,0
134,train/000134.jpg,1
135,train/000135.jpg,1
136,train/000136.jpg,1
137,train/000137.jpg,1
138,train/000138.jpg,1
139,train/000139.jpg,1
140,train/000140.jpg,0
141,train/000141.jpg,0
142,train/000142.jpg,0
143,train/000143.jpg,0
144,train/000144.jpg,1
145,train/000145.jpg,0
146,train/000146.jpg,0
147,train/000147.jpg,1
148,train/000148.jpg,1
149,train/000149.jpg,1
150,train/000150.jpg,0
151,train/000151.jpg,0
152,train/000152.jpg,1
153,train/000153.jpg,1
154,train/000154.jpg,0
155,train/000155.jpg,1
156,train/000156.jpg,0
157,train/000157.jpg,0
158,train/000158.jpg,1
159,train/000159.jpg,1
160,train/000160.jpg,0
161,train/000161.jpg,0
162,train/000162.jpg,0
163,train/000163.jpg,0
164,train/000164.jpg,1
165,train/000165.jpg,1
166,train/000166.jpg,0
167,train/000167.jpg,1
168,train/000168.jpg,0
169,train/000169.jpg,0
170,train/000170.jpg,0
171,train/000171.jpg,1
172,train/000172.jpg,0
173,train/000173.jpg,1
174,train/000174.jpg,1
175,train/000175.jpg,0
176,train/000176.jpg,0
177,train/000177.jpg,0
178,train/000178.jpg,1
179,train/000179.jpg,1
180,train/000180.jpg,0
181,train/000181.jpg,0
182,train/000182.jpg,0
183,train/000183.jpg,0
184,train/000184.jpg,1
185,train/000185.jpg,1
186,train/000186.jpg,0
187,train/000187.jpg,1
188,train/000188.jpg,0
189,train/000189.jpg,0
190,train/000190.jpg,1
191,train/000191.jpg,1
192,train/000192.jpg,0
193,train/000193.jpg,1
194,train/000194.jpg,0
195,train/000195.jpg,0
196,train/000196.jpg,0
197,train/000197.jpg,0
198,train/000198.jpg,1
199,train/000199.jpg,1
200,train/000200.jpg,0
201,train/000201.jpg,1
202,train/000202.jpg,0
203,train/000203.jpg,1
204,train/000204.jpg,1
205,train/000205.jpg,0
206,train/000206.jpg,1
207,train/000207.jpg,0
208,train/000208.jpg,1
209,train/000209.jpg,0
210,train/000210.jpg,1
211,train/000211.jpg,0
212,train/000212.jpg,0
213,train/000213.jpg,1
214,train/000214.jpg,0
215,train/000215.jpg,1
216,train/000216.jpg,0
217,train/000217.jpg,0
218,train/000218.jpg,1
219,train/000219.jpg,1
220,train/000220.jpg,0
221,train/000221.jpg,0
222,train/000222.jpg,0
223,train/000223.jpg,1
224,train/000224.jpg,1
225,train/000225.jpg,0
226,train/000226.jpg,0
227,train/000227.jpg,0
228,train/000228.jpg,0
229,train/000229.jpg,1
230,train/000230.jpg,0
231,train/000231.jpg,0
232,train/000232.jpg,0
233,train/000233.jpg,0
234,train/000234.jpg,1
235,train/000235.jpg,0
236,train/000236.jpg,1
237,train/000237.jpg,1
238,train/000238.jpg,0
239,train/000239.jpg,1
240,train/000240.jpg,0
241,train/000241.jpg,1
242,train/000242.jpg,0
243,train/000243.jpg,0
244,train/000244.jpg,0
245,train/000245.jpg,1
246,train/000246.jpg,0
247,train/000247.jpg,1
248,train/000248.jpg,1
249,train/000249.jpg,0
250,train/000250.jpg,0
251,train/000251.jpg,1
252,train/000252.jpg,0
253,train/000253.jpg,0
254,train/000254.jpg,1
255,train/000255.jpg,1
256,train/000256.jpg,1
257,train/000257.jpg,1
258,train/000258.jpg,0
259,train/000259.jpg,1
260,train/000260.jpg,0
261,train/000261.jpg,1
262,train/000262.jpg,1
263,train/000263.jpg,1
264,train/000264.jpg,1
265,train/000265.jpg,0
266,train/000266.jpg,1
267,train/000267.jpg,1
268,train/000268.jpg,0
269,train/000269.jpg,1
270,train/000270.jpg,0
271,train/000271.jpg,0
272,train/000272.jpg,0
273,train/000273.jpg,0
274,train/000274.jpg,0
275,train/000275.jpg,0
276,train/000276.jpg,0
277,train/000277.jpg,1
278,train/000278.jpg,1
279,train/000279.jpg,1
280,train/000280.jpg,0
281,train/000281.jpg,0
282,train/000282.jpg,1
283,train/000283.jpg,0
284,train/000284.jpg,0
285,train/000285.jpg,0
286,train/000286.jpg,0
287,train/000287.jpg,1
288,train/000288.jpg,1
289,train/000289.jpg,0
290,train/000290.jpg,1
291,train/000291.jpg,0
292,train/000292.jpg,0
293,train/000293.jpg,0
294,train/000294.jpg,0
295,train/000295.jpg,0
296,train/000296.jpg,0
297,train/000297.jpg,0
298,train/000298.jpg,0
299,train/000299.jpg,0
300,train/000300.jpg,1
301,train/000301.jpg,1
302,train/000302.jpg,0
303,train/000303.jpg,1
304,train/000304.jpg,0
305,train/000305.jpg,1
306,train/000306.jpg,0
307,train/000307.jpg,1
308,train/000308.jpg,1
309,train/000309.jpg,0
310,train/000310.jpg,1
311,train/000311.jpg,1
312,train/000312.jpg,1
313,train/000313.jpg,0
314,train/000314.jpg,1
315,train/000315.jpg,0
316,train/000316.jpg,1
317,train/000317.jpg,0
318,train/000318.jpg,1
319,train/000319.jpg,0
320,train/000320.jpg,1
321,train/000321.jpg,0
322,train/000322.jpg,1
323,train/000323.jpg,0
324,train/000324.jpg,1
325,train/000325.jpg,0
326,train/000326.jpg,1
327,train/000327.jpg,1
328,train/000328.jpg,1
329,train/000329.jpg,0
330,train/000330.jpg,0
331,train/000331.jpg,0
332,train/000332.jpg,0
333,train/000333.jpg,1
334,train/000334.jpg,0
335,train/000335.jpg,0
336,train/000336.jpg,0
337,train/000337.jpg,1
338,train/000338.jpg,1
339,train/000339.jpg,1
340,train/000340.jpg,0
341,train/000341.jpg,1
342,train/000342.jpg,0
343,train/000343.jpg,1
344,train/000344.jpg,1
345,train/000345.jpg,1
346,train/000346.jpg,0
347,train/000347.jpg,1
348,train/000348.jpg,1
349,train/000349.jpg,0
350,train/000350.jpg,1
351,train/000351.jpg,1
352,train/000352.jpg,1
353,train/000353.jpg,1
354,train/000354.jpg,1
355,train/000355.jpg,0
356,train/000356.jpg,1
357,train/000357.jpg,0
358,train/000358.jpg,0
359,train/000359.jpg,1
360,train/000360.jpg,1
361,train/000361.jpg,0
362,train/000362.jpg,1
363,train/000363.jpg,1
364,train/000364.jpg,1
365,train/000365.jpg,0
366,train/000366.jpg,1
367,train/000367.jpg,1
368,train/000368.jpg,1
369,train/000369.jpg,1
370,train/000370.jpg,0
371,train/000371.jpg,1
372,train/000372.jpg,0
373,train/000373.jpg,0
374,train/000374.jpg,1
375,train/000375.jpg,1
376,train/000376.jpg,0
377,train/000377.jpg,0
378,train/000378.jpg,0
379,train/000379.jpg,0
380,train/000380.jpg,1
381,train/000381.jpg,0
382,train/000382.jpg,1
383,train/000383.jpg,0
384,train/000384.jpg,0
385,train/000385.jpg,0
386,train/000386.jpg,1
387,train/000387.jpg,1
388,train/000388.jpg,0
389,train/000389.jpg,0
390,train/000390.jpg,0
391,train/000391.jpg,0
392,train/000392.jpg,1
393,train/000393.jpg,0
394,train/000394.jpg,1
395,train/000395.jpg,1
396,train/000396.jpg,0
397,train/000397.jpg,0
398,train/000398.jpg,1
399,train/000399.jpg,0
400,train/000400.jpg,0
401,train/000401.jpg,1
402,train/000402.jpg,1
403,train/000403.jpg,0
404,train/000404.jpg,1
405,train/000405.jpg,0
406,train/000406.jpg,0
407,train/000407.jpg,0
408,train/000408.jpg,0
409,train/000409.jpg,1
410,train/000410.jpg,1
411,train/000411.jpg,1
412,train/000412.jpg,0
413,train/000413.jpg,1
414,train/000414.jpg,0
415,train/000415.jpg,0
416,train/000416.jpg,1
417,train/000417.jpg,0
418,train/000418.jpg,1
419,train/000419.jpg,0
420,train/000420.jpg,0
421,train/000421.jpg,0
422,train/000422.jpg,0
423,train/000423.jpg,1
424,train/000424.jpg,0
425,train/000425.jpg,1
426,train/000426.jpg,0
427,train/000427.jpg,1
428,train/000428.jpg,1
429,train/000429.jpg,0
430,train/000430.jpg,1
431,train/000431.jpg,1
432,train/000432.jpg,1
433,train/000433.jpg,0
434,train/000434.jpg,1
435,train/000435.jpg,1
436,train/000436.jpg,1
437,train/000437.jpg,0
438,train/000438.jpg,0
439,train/000439.jpg,0
440,train/000440.jpg,1
441,train/000441.jpg,0
442,train/000442.jpg,1
443,train/000443.jpg,1
444,train/000444.jpg,1
445,train/000445.jpg,1
446,train/000446.jpg,1
447,train/000447.jpg,1
448,train/000448.jpg,0
449,train/000449.jpg,0
450,train/000450.jpg,0
451,train/000451.jpg,1
452,train/000452.jpg,0
453,train/000453.jpg,0
454,train/000454.jpg,0
455,train/000455.jpg,1
456,train/000456.jpg,1
457,train/000457.jpg,1
458,train/000458.jpg,0
459,train/000459.jpg,0
460,train/000460.jpg,0
461,train/000461.jpg,1
462,train/000462.jpg,0
463,train/000463.jpg,1
464,train/000464.jpg,1
465,train/000465.jpg,0
466,train/000466.jpg,0
467,train/000467.jpg,0
468,train/000468.jpg,1
469,train/000469.jpg,1
470,train/000470.jpg,0
471,train/000471.jpg,1
472,train/000472.jpg,1
473,train/000473.jpg,0
474,train/000474.jpg,1
475,train/000475.jpg,0
476,train/000476.jpg,1
477,train/000477.jpg,0
478,train/000478.jpg,0
479,train/000479.jpg,0
480,train/000480.jpg,1
481,train/000481.jpg,0
482,train/000482.jpg,0
483,train/000483.jpg,1
484,train/000484.jpg,0
485,train/000485.jpg,1
486,train/000486.jpg,0
487,train/000487.jpg,1
488,train/000488.jpg,1
489,train/000489.jpg,0
490,train/000490.jpg,1
491,train/000491.jpg,0
492,train/000492.jpg,0
493,train/000493.jpg,1
494,train/000494.jpg,0
495,train/000495.jpg,0
496,train/000496.jpg,0
497,train/000497.jpg,1
498,train/000498.jpg,0
499,train/000499.jpg,0
500,train/000500.jpg,0
501,train/000501.jpg,1
502,train/000502.jpg,0
503,train/000503.jpg,0
504,train/000504.jpg,1
505,train/000505.jpg,0
506,train/000506.jpg,0
507,train/000507.jpg,1
508,train/000508.jpg,0
509,train/000509.jpg,0
510,train/000510.jpg,0
511,train/000511.jpg,0
512,train/000512.jpg,1
513,train/000513.jpg,0
514,train/000514.jpg,1
515,train/000515.jpg,0
516,train/000516.jpg,0
517,train/000517.jpg,0
518,train/000518.jpg,0
519,train/000519.jpg,0
520,train/000520.jpg,1
521,train/000521.jpg,0
522,train/000522.jpg,0
523,train/000523.jpg,0
524,train/000524.jpg,0
525,train/000525.jpg,0
526,train/000526.jpg,1
527,train/000527.jpg,1
528,train/000528.jpg,0
529,train/000529.jpg,1
530,train/000530.jpg,0
531,train/000531.jpg,0
532,train/000532.jpg,0
533,train/000533.jpg,1
534,train/000534.jpg,1
535,train/000535.jpg,0
536,train/000536.jpg,1
537,train/000537.jpg,0
538,train/000538.jpg,0
539,train/000539.jpg,1
540,train/000540.jpg,1
541,train/000541.jpg,0
542,train/000542.jpg,0
543,train/000543.jpg,0
544,train/000544.jpg,0
545,train/000545.jpg,1
546,train/000546.jpg,1
547,train/000547.jpg,0
548,train/000548.jpg,0
549,train/000549.jpg,0
550,train/000550.jpg,0
551,train/000551.jpg,0
552,train/000552.jpg,1
553,train/000553.jpg,1
554,train/000554.jpg,0
555,train/000555.jpg,1
556,train/000556.jpg,1
557,train/000557.jpg,1
558,train/000558.jpg,0
559,train/000559.jpg,1
560,train/000560.jpg,1
561,train/000561.jpg,0
562,train/000562.jpg,0
563,train/000563.jpg,1
564,train/000564.jpg,0
565,train/000565.jpg,1
566,train/000566.jpg,0
567,train/000567.jpg,1
568,train/000568.jpg,0
569,train/000569.jpg,1
570,train/000570.jpg,1
571,train/000571.jpg,1
572,train/000572.jpg,1
573,train/000573.jpg,1
574,train/000574.jpg,1
575,train/000575.jpg,0
576,train/000576.jpg,0
577,train/000577.jpg,1
578,train/000578.jpg,1
579,train/000579.jpg,1
580,train/000580.jpg,0
581,train/000581.jpg,1
582,train/000582.jpg,0
583,train/000583.jpg,0
584,train/000584.jpg,1
585,train/000585.jpg,1
586,train/000586.jpg,0
587,train/000587.jpg,0
588,train/000588.jpg,1
589,train/000589.jpg,0
590,train/000590.jpg,1
591,train/000591.jpg,1
592,train/000592.jpg,0
593,train/000593.jpg,0
594,train/000594.jpg,0
595,train/000595.jpg,1
596,train/000596.jpg,0
597,train/000597.jpg,0
598,train/000598.jpg,1
599,train/000599.jpg,1
600,train/000600.jpg,1
601,train/000601.jpg,1
602,train/000602.jpg,0
603,train/000603.jpg,1
604,train/000604.jpg,1
605,train/000605.jpg,1
606,train/000606.jpg,1
607,train/000607.jpg,1
608,train/000608.jpg,1
609,train/000609.jpg,1
610,train/000610.jpg,1
611,train/000611.jpg,0
612,train/000612.jpg,0
613,train/000613.jpg,1
614,train/000614.jpg,1
615,train/000615.jpg,0
616,train/000616.jpg,0
617,train/000617.jpg,1
618,train/000618.jpg,0
619,train/000619.jpg,1
620,train/000620.jpg,1
621,train/000621.jpg,1
622,train/000622.jpg,0
623,train/000623.jpg,1
624,train/000624.jpg,1
625,train/000625.jpg,0
626,train/000626.jpg,1
627,train/000627.jpg,0
628,train/000628.jpg,1
629,train/000629.jpg,0
630,train/000630.jpg,0
631,train/000631.jpg,0
632,train/000632.jpg,1
633,train/000633.jpg,1
634,train/000634.jpg,0
635,train/000635.jpg,1
636,train/000636.jpg,0
637,train/000637.jpg,1
638,train/000638.jpg,1
639,train/000639.jpg,1
640,train/000640.jpg,1
641,train/000641.jpg,0
642,train/000642.jpg,0
643,train/000643.jpg,0
644,train/000644.jpg,0
645,train/000645.jpg,1
646,train/000646.jpg,1
647,train/000647.jpg,1
648,train/000648.jpg,1
649,train/000649.jpg,0
650,train/000650.jpg,1
651,train/000651.jpg,0
652,train/000652.jpg,1
653,train/000653.jpg,1
654,train/000654.jpg,0
655,train/000655.jpg,0
656,train/000656.jpg,1
657,train/000657.jpg,1
658,train/000658.jpg,0
659,train/000659.jpg,1
660,train/000660.jpg,0
661,train/000661.jpg,0
662,train/000662.jpg,0
663,train/000663.jpg,1
664,train/000664.jpg,1
665,train/000665.jpg,0
666,train/000666.jpg,1
667,train/000667.jpg,0
668,train/000668.jpg,0
669,train/000669.jpg,1
670,train/000670.jpg,1
671,train/000671.jpg,1
672,train/000672.jpg,0
673,train/000673.jpg,0
674,train/000674.jpg,0
675,train/000675.jpg,0
676,train/000676.jpg,1
677,train/000677.jpg,1
678,train/000678.jpg,0
679,train/000679.jpg,1
680,train/000680.jpg,0
681,train/000681.jpg,1
682,train/000682.jpg,0
683,train/000683.jpg,1
684,train/000684.jpg,0
685,train/000685.jpg,0
686,train/000686.jpg,1
687,train/000687.jpg,1
688,train/000688.jpg,0
689,train/000689.jpg,0
690,train/000690.jpg,0
691,train/000691.jpg,1
692,train/000692.jpg,1
693,train/000693.jpg,1
694,train/000694.jpg,0
695,train/000695.jpg,0
696,train/000696.jpg,0
697,train/000697.jpg,0
698,train/000698.jpg,0
699,train/000699.jpg,0
700,train/000700.jpg,0
701,train/000701.jpg,1
702,train/000702.jpg,1
703,train/000703.jpg,0
704,train/000704.jpg,1
705,train/000705.jpg,1
706,train/000706.jpg,0
707,train/000707.jpg,0
708,train/000708.jpg,0
709,train/000709.jpg,0
710,train/000710.jpg,1
711,train/000711.jpg,1
712,train/000712.jpg,0
713,train/000713.jpg,1
714,train/000714.jpg,0
715,train/000715.jpg,0
716,train/000716.jpg,1
717,train/000717.jpg,0
718,train/000718.jpg,1
719,train/000719.jpg,0
720,train/000720.jpg,0
721,train/000721.jpg,0
722,train/000722.jpg,0
723,train/000723.jpg,1
724,train/000724.jpg,1
725,train/000725.jpg,1
726,train/000726.jpg,0
727,train/000727.jpg,1
728,train/000728.jpg,0
729,train/000729.jpg,0
730,train/000730.jpg,1
731,train/000731.jpg,0
732,train/000732.jpg,0
733,train/000733.jpg,0
734,train/000734.jpg,1
735,train/000735.jpg,1
736,train/000736.jpg,1
737,train/000737.jpg,0
738,train/000738.jpg,0
739,train/000739.jpg,0
740,train/000740.jpg,0
741,train/000741.jpg,0
742,train/000742.jpg,0
743,train/000743.jpg,1
744,train/000744.jpg,0
745,train/000745.jpg,1
746,train/000746.jpg,0
747,train/000747.jpg,1
748,train/000748.jpg,1
749,train/000749.jpg,1
750,train/000750.jpg,1
751,train/000751.jpg,0
752,train/000752.jpg,0
753,train/000753.jpg,0
754,train/000754.jpg,0
755,train/000755.jpg,1
756,train/000756.jpg,1
757,train/000757.jpg,1
758,train/000758.jpg,1
759,train/000759.jpg,0
760,train/000760.jpg,1
761,train/000761.jpg,0
762,train/000762.jpg,0
763,train/000763.jpg,1
764,train/000764.jpg,0
765,train/000765.jpg,1
766,train/000766.jpg,1
767,train/000767.jpg,0
768,train/000768.jpg,1
769,train/000769.jpg,0
770,train/000770.jpg,0
771,train/000771.jpg,1
772,train/000772.jpg,1
773,train/000773.jpg,0
774,train/000774.jpg,1
775,train/000775.jpg,0
776,train/000776.jpg,1
777,train/000777.jpg,0
778,train/000778.jpg,1
779,train/000779.jpg,0
780,train/000780.jpg,0
781,train/000781.jpg,0
782,train/000782.jpg,1
783,train/000783.jpg,0
784,train/000784.jpg,0
785,train/000785.jpg,1
786,train/000786.jpg,0
787,train/000787.jpg,0
788,train/000788.jpg,1
789,train/000789.jpg,0
790,train/000790.jpg,1
791,train/000791.jpg,1
792,train/000792.jpg,0
793,train/000793.jpg,0
794,train/000794.jpg,0
795,train/000795.jpg,1
796,train/000796.jpg,1
797,train/000797.jpg,1
798,train/000798.jpg,1
799,train/000799.jpg,1
800,train/000800.jpg,0
801,train/000801.jpg,1
802,train/000802.jpg,0
803,train/000803.jpg,1
804,train/000804.jpg,0
805,train/000805.jpg,0
806,train/000806.jpg,1
807,train/000807.jpg,1
808,train/000808.jpg,1
809,train/000809.jpg,0
810,train/000810.jpg,0
811,train/000811.jpg,1
812,train/000812.jpg,0
813,train/000813.jpg,0
814,train/000814.jpg,0
815,train/000815.jpg,1
816,train/000816.jpg,0
817,train/000817.jpg,1
818,train/000818.jpg,0
819,train/000819.jpg,1
820,train/000820.jpg,0
821,train/000821.jpg,0
822,train/000822.jpg,1
823,train/000823.jpg,1
824,train/000824.jpg,1
825,train/000825.jpg,1
826,train/000826.jpg,1
827,train/000827.jpg,1
828,train/000828.jpg,0
829,train/000829.jpg,1
830,train/000830.jpg,0
831,train/000831.jpg,0
832,train/000832.jpg,1
833,train/000833.jpg,1
834,train/000834.jpg,1
835,train/000835.jpg,1
836,train/000836.jpg,1
837,train/000837.jpg,1
838,train/000838.jpg,1
839,train/000839.jpg,1
840,train/000840.jpg,1
841,train/000841.jpg,0
842,train/000842.jpg,1
843,train/000843.jpg,0
844,train/000844.jpg,0
845,train/000845.jpg,0
846,train/000846.jpg,1
847,train/000847.jpg,1
848,train/000848.jpg,0
849,train/000849.jpg,0
850,train/000850.jpg,1
851,train/000851.jpg,1
852,train/000852.jpg,1
853,train/000853.jpg,0
854,train/000854.jpg,1
855,train/000855.jpg,1
856,train/000856.jpg,0
857,train/000857.jpg,1
858,train/000858.jpg,1
859,train/000859.jpg,0
860,train/000860.jpg,1
861,train/000861.jpg,0
862,train/000862.jpg,0
863,train/000863.jpg,0
864,train/000864.jpg,0
865,train/000865.jpg,0
866,train/000866.jpg,0
867,train/000867.jpg,0
868,train/000868.jpg,1
869,train/000869.jpg,1
870,train/000870.jpg,1
871,train/000871.jpg,1
872,train/000872.jpg,1
873,train/000873.jpg,1
874,train/000874.jpg,0
875,train/000875.jpg,1
876,train/000876.jpg,0
877,train/000877.jpg,1
878,train/000878.jpg,0
879,train/000879.jpg,0
880,train/000880.jpg,0
881,train/000881.jpg,1
882,train/000882.jpg,0
883,train/000883.jpg,1
884,train/000884.jpg,1
885,train/000885.jpg,0
886,train/000886.jpg,0
887,train/000887.jpg,0
888,train/000888.jpg,0
889,train/000889.jpg,0
890,train/000890.jpg,0
891,train/000891.jpg,0
892,train/000892.jpg,1
893,train/000893.jpg,1
894,train/000894.jpg,1
895,train/000895.jpg,1
896,train/000896.jpg,1
897,train/000897.jpg,0
898,train/000898.jpg,1
899,train/000899.jpg,0
900,train/000900.jpg,0
901,train/000901.jpg,1
902,train/000902.jpg,1
903,train/000903.jpg,1
904,train/000904.jpg,0
905,train/000905.jpg,0
906,train/000906.jpg,0
907,train/000907.jpg,0
908,train/000908.jpg,0
909,train/000909.jpg,0
910,train/000910.jpg,1
911,train/000911.jpg,0
912,train/000912.jpg,1
913,train/000913.jpg,0
914,train/000914.jpg,0
915,train/000915.jpg,0
916,train/000916.jpg,0
917,train/000917.jpg,1
918,train/000918.jpg,1
919,train/000919.jpg,0
920,train/000920.jpg,0
921,train/000921.jpg,1
922,train/000922.jpg,0
923,train/000923.jpg,1
924,train/000924.jpg,1
925,train/000925.jpg,0
926,train/000926.jpg,0
927,train/000927.jpg,1
928,train/000928.jpg,0
929,train/000929.jpg,0
930,train/000930.jpg,1
931,train/000931.jpg,0
932,train/000932.jpg,1
933,train/000933.jpg,1
934,train/000934.jpg,1
935,train/000935.jpg,0
936,train/000936.jpg,0
937,train/000937.jpg,0
938,train/000938.jpg,0
939,train/000939.jpg,1
940,train/000940.jpg,1
941,train/000941.jpg,1
942,train/000942.jpg,1
943,train/000943.jpg,0
944,train/000944.jpg,1
945,train/000945.jpg,0
946,train/000946.jpg,1
947,train/000947.jpg,1
948,train/000948.jpg,0
949,train/000949.jpg,0
950,train/000950.jpg,0
951,train/000951.jpg,1
952,train/000952.jpg,0
953,train/000953.jpg,0
954,train/000954.jpg,1
955,train/000955.jpg,0
956,train/000956.jpg,1
957,train/000957.jpg,1
958,train/000958.jpg,0
959,train/000959.jpg,0
960,train/000960.jpg,0
961,train/000961.jpg,0
962,train/000962.jpg,0
963,train/000963.jpg,1
964,train/000964.jpg,0
965,train/000965.jpg,1
966,train/000966.jpg,0
967,train/000967.jpg,0
968,train/000968.jpg,0
969,train/000969.jpg,0
970,train/000970.jpg,0
971,train/000971.jpg,0
972,train/000972.jpg,1
973,train/000973.jpg,0
974,train/000974.jpg,0
975,train/000975.jpg,1
976,train/000976.jpg,0
977,train/000977.jpg,1
978,train/000978.jpg,0
979,train/000979.jpg,1
980,train/000980.jpg,1
981,train/000981.jpg,1
982,train/000982.jpg,0
983,train/000983.jpg,0
984,train/000984.jpg,0
985,train/000985.jpg,0
986,train/000986.jpg,0
987,train/000987.jpg,1
988,train/000988.jpg,0
989,train/000989.jpg,0
990,train/000990.jpg,0
991,train/000991.jpg,0
992,train/000992.jpg,0
993,train/000993.jpg,1
994,train/000994.jpg,0
995,train/000995.jpg,1
996,train/000996.jpg,0
997,train/000997.jpg,1
998,train/000998.jpg,0
999,train/000999.jpg,0
1000,train/001000.jpg,1
1001,train/001001.jpg,1
1002,train/001002.jpg,1
1003,train/001003.jpg,0
1004,train/001004.jpg,0
1005,train/001005.jpg,0
1006,train/001006.jpg,1
1007,train/001007.jpg,0
1008,train/001008.jpg,1
1009,train/001009.jpg,0
1010,train/001010.jpg,1
1011,train/001011.jpg,1
1012,train/001012.jpg,0
1013,train/001013.jpg,0
1014,train/001014.jpg,1
1015,train/001015.jpg,0
1016,train/001016.jpg,1
1017,train/001017.jpg,0
1018,train/001018.jpg,0
1019,train/001019.jpg,1
1020,train/001020.jpg,1
1021,train/001021.jpg,1
1022,train/001022.jpg,0
1023,train/001023.jpg,0
1024,train/001024.jpg,0
1025,train/001025.jpg,0
1026,train/001026.jpg,1
1027,train/001027.jpg,0
1028,train/001028.jpg,0
1029,train/001029.jpg,1
1030,train/001030.jpg,1
1031,train/001031.jpg,0
1032,train/001032.jpg,1
1033,train/001033.jpg,0
1034,train/001034.jpg,0
1035,train/001035.jpg,0
1036,train/001036.jpg,1
1037,train/001037.jpg,1
1038,train/001038.jpg,0
1039,train/001039.jpg,0
1040,train/001040.jpg,0
1041,train/001041.jpg,0
1042,train/001042.jpg,1
1043,train/001043.jpg,0
1044,train/001044.jpg,0
1045,train/001045.jpg,0
1046,train/001046.jpg,0
1047,train/001047.jpg,0
1048,train/001048.jpg,0
1049,train/001049.jpg,0
1050,train/001050.jpg,0
1051,train/001051.jpg,1
1052,train/001052.jpg,1
1053,train/001053.jpg,0
1054,train/001054.jpg,0
1055,train/001055.jpg,0
1056,train/001056.jpg,0
1057,train/001057.jpg,1
1058,train/001058.jpg,0
1059,train/001059.jpg,0
1060,train/001060.jpg,0
1061,train/001061.jpg,1
1062,train/001062.jpg,0
1063,train/001063.jpg,0
1064,train/001064.jpg,0
1065,train/001065.jpg,1
1066,train/001066.jpg,1
1067,train/001067.jpg,1
1068,train/001068.jpg,1
1069,train/001069.jpg,0
1070,train/001070.jpg,0
1071,train/001071.jpg,0
1072,train/001072.jpg,1
1073,train/001073.jpg,1
1074,train/001074.jpg,0
1075,train/001075.jpg,1
1076,train/001076.jpg,1
1077,train/001077.jpg,1
1078,train/001078.jpg,1
1079,train/001079.jpg,1
1080,train/001080.jpg,1
1081,train/001081.jpg,1
1082,train/001082.jpg,1
1083,train/001083.jpg,1
1084,train/001084.jpg,1
1085,train/001085.jpg,1
1086,train/001086.jpg,0
1087,train/001087.jpg,0
1088,train/001088.jpg,0
1089,train/001089.jpg,1
1090,train/001090.jpg,0
1091,train/001091.jpg,0
1092,train/001092.jpg,0
1093,train/001093.jpg,1
1094,train/001094.jpg,0
1095,train/001095.jpg,0
1096,train/001096.jpg,1
1097,train/001097.jpg,0
1098,train/001098.jpg,0
1099,train/001099.jpg,1
1100,train/001100.jpg,1
1101,train/001101.jpg,0
1102,train/001102.jpg,0
1103,train/001103.jpg,0
1104,train/001104.jpg,0
1105,train/001105.jpg,0
1106,train/001106.jpg,1
1107,train/001107.jpg,0
1108,train/001108.jpg,1
1109,train/001109.jpg,1
1110,train/001110.jpg,0
1111,train/001111.jpg,1
1112,train/001112.jpg,1
1113,train/001113.jpg,1
1114,train/001114.jpg,0
1115,train/001115.jpg,0
1116,train/001116.jpg,1
1117,train/001117.jpg,0
1118,train/001118.jpg,1
1119,train/001119.jpg,1
1120,train/001120.jpg,0
1121,train/001121.jpg,1
1122,train/001122.jpg,0
1123,train/001123.jpg,1
1124,train/001124.jpg,0
1125,train/001125.jpg,1
1126,train/001126.jpg,1
1127,train/001127.jpg,0
1128,train/001128.jpg,1
1129,train/001129.jpg,0
1130,train/001130.jpg,1
1131,train/001131.jpg,1
1132,train/001132.jpg,0
1133,train/001133.jpg,0
1134,train/001134.jpg,0
1135,train/001135.jpg,1
1136,train/001136.jpg,1
1137,train/001137.jpg,1
1138,train/001138.jpg,0
1139,train/001139.jpg,1
1140,train/001140.jpg,0
1141,train/001141.jpg,1
1142,train/001142.jpg,1
1143,train/001143.jpg,1
1144,train/001144.jpg,0
1145,train/001145.jpg,0
1146,train/001146.jpg,1
1147,train/001147.jpg,0
1148,train/001148.jpg,1
1149,train/001149.jpg,1
1150,train/001150.jpg,1
1151,train/001151.jpg,0
1152,train/001152.jpg,1
1153,train/001153.jpg,0
1154,train/001154.jpg,1
1155,train/001155.jpg,1
1156,train/001156.jpg,1
1157,train/001157.jpg,0
1158,train/001158.jpg,1
1159,train/001159.jpg,0
1160,train/001160.jpg,1
1161,train/001161.jpg,1
1162,train/001162.jpg,0
1163,train/001163.jpg,0
1164,train/001164.jpg,1
1165,train/001165.jpg,0
1166,train/001166.jpg,1
1167,train/001167.jpg,0
1168,train/001168.jpg,1
1169,train/001169.jpg,0
1170,train/001170.jpg,0
1171,train/001171.jpg,0
1172,train/001172.jpg,0
1173,train/001173.jpg,0
1174,train/001174.jpg,1
1175,train/001175.jpg,1
1176,train/001176.jpg,1
1177,train/001177.jpg,0
1178,train/001178.jpg,1
1179,train/001179.jpg,1
1180,train/001180.jpg,1
1181,train/001181.jpg,1
1182,train/001182.jpg,1
1183,train/001183.jpg,1
1184,train/001184.jpg,1
1185,train/001185.jpg,1
1186,train/001186.jpg,1
1187,train/001187.jpg,1
1188,train/001188.jpg,0
1189,train/001189.jpg,1
1190,train/001190.jpg,0
1191,train/001191.jpg,0
1192,train/001192.jpg,1
1193,train/001193.jpg,1
1194,train/001194.jpg,1
1195,train/001195.jpg,1
1196,train/001196.jpg,0
1197,train/001197.jpg,0
1198,train/001198.jpg,1
1199,train/001199.jpg,1
1200,train/001200.jpg,1
1201,train/001201.jpg,0
1202,train/001202.jpg,1
1203,train/001203.jpg,0
1204,train/001204.jpg,0
1205,train/001205.jpg,0
1206,train/001206.jpg,0
1207,train/001207.jpg,1
1208,train/001208.jpg,1
1209,train/001209.jpg,0
1210,train/001210.jpg,1
1211,train/001211.jpg,0
1212,train/001212.jpg,0
1213,train/001213.jpg,1
1214,train/001214.jpg,1
1215,train/001215.jpg,0
1216,train/001216.jpg,0
1217,train/001217.jpg,1
1218,train/001218.jpg,1
1219,train/001219.jpg,0
1220,train/001220.jpg,1
1221,train/001221.jpg,0
1222,train/001222.jpg,0
1223,train/001223.jpg,1
1224,train/001224.jpg,0
1225,train/001225.jpg,1
1226,train/001226.jpg,1
1227,train/001227.jpg,1
1228,train/001228.jpg,1
1229,train/001229.jpg,1
1230,train/001230.jpg,0
1231,train/001231.jpg,1
1232,train/001232.jpg,0
1233,train/001233.jpg,1
1234,train/001234.jpg,1
1235,train/001235.jpg,1
1236,train/001236.jpg,1
1237,train/001237.jpg,1
1238,train/001238.jpg,0
1239,train/001239.jpg,0
1240,train/001240.jpg,1
1241,train/001241.jpg,1
1242,train/001242.jpg,1
1243,train/001243.jpg,1
1244,train/001244.jpg,0
1245,train/001245.jpg,1
1246,train/001246.jpg,1
1247,train/001247.jpg,0
1248,train/001248.jpg,1
1249,train/001249.jpg,1
1250,train/001250.jpg,0
1251,train/001251.jpg,1
1252,train/001252.jpg,1
1253,train/001253.jpg,0
1254,train/001254.jpg,0
1255,train/001255.jpg,1
1256,train/001256.jpg,0
1257,train/001257.jpg,1
1258,train/001258.jpg,0
1259,train/001259.jpg,1
1260,train/001260.jpg,1
1261,train/001261.jpg,0
1262,train/001262.jpg,0
1263,train/001263.jpg,1
1264,train/001264.jpg,0
1265,train/001265.jpg,0
1266,train/001266.jpg,1
1267,train/001267.jpg,0
1268,train/001268.jpg,1
1269,train/001269.jpg,1
1270,train/001270.jpg,0
1271,train/001271.jpg,0
1272,train/001272.jpg,1
1273,train/001273.jpg,1
1274,train/001274.jpg,0
1275,train/001275.jpg,0
1276,train/001276.jpg,1
1277,train/001277.jpg,0
1278,train/001278.jpg,0
1279,train/001279.jpg,1
1280,train/001280.jpg,1
1281,train/001281.jpg,0
1282,train/001282.jpg,1
1283,train/001283.jpg,0
1284,train/001284.jpg,0
1285,train/001285.jpg,0
1286,train/001286.jpg,1
1287,train/001287.jpg,0
1288,train/001288.jpg,1
1289,train/001289.jpg,1
1290,train/001290.jpg,0
1291,train/001291.jpg,0
1292,train/001292.jpg,1
1293,train/001293.jpg,0
1294,train/001294.jpg,1
1295,train/001295.jpg,1
1296,train/001296.jpg,1
1297,train/001297.jpg,0
1298,train/001298.jpg,0
1299,train/001299.jpg,0
1300,train/001300.jpg,1
1301,train/001301.jpg,0
1302,train/001302.jpg,0
1303,train/001303.jpg,0
1304,train/001304.jpg,0
1305,train/001305.jpg,0
1306,train/001306.jpg,1
1307,train/001307.jpg,0
1308,train/001308.jpg,1
1309,train/001309.jpg,1
1310,train/001310.jpg,1
1311,train/001311.jpg,0
1312,train/001312.jpg,0
1313,train/001313.jpg,0
1314,train/001314.jpg,0
1315,train/001315.jpg,0
1316,train/001316.jpg,0
1317,train/001317.jpg,1
1318,train/001318.jpg,0
1319,train/001319.jpg,0
1320,train/001320.jpg,1
1321,train/001321.jpg,1
1322,train/001322.jpg,0
1323,train/001323.jpg,0
1324,train/001324.jpg,0
1325,train/001325.jpg,1
1326,train/001326.jpg,0
1327,train/001327.jpg,0
1328,train/001328.jpg,0
1329,train/001329.jpg,0
1330,train/001330.jpg,1
1331,train/001331.jpg,0
1332,train/001332.jpg,0
1333,train/001333.jpg,1
1334,train/001334.jpg,1
1335,train/001335.jpg,1
1336,train/001336.jpg,0
1337,train/001337.jpg,1
1338,train/001338.jpg,1
1339,train/001339.jpg,0
1340,train/001340.jpg,0
1341,train/001341.jpg,0
1342,train/001342.jpg,0
1343,train/001343.jpg,0
1344,train/001344.jpg,0
1345,train/001345.jpg,1
1346,train/001346.jpg,0
1347,train/001347.jpg,1
1348,train/001348.jpg,1
1349,train/001349.jpg,0
1350,train/001350.jpg,0
1351,train/001351.jpg,0
1352,train/001352.jpg,0
1353,train/001353.jpg,0
1354,train/001354.jpg,1
1355,train/001355.jpg,1
1356,train/001356.jpg,0
1357,train/001357.jpg,1
1358,train/001358.jpg,1
1359,train/001359.jpg,1
1360,train/001360.jpg,1
1361,train/001361.jpg,0
1362,train/001362.jpg,0
1363,train/001363.jpg,0
1364,train/001364.jpg,0
1365,train/001365.jpg,1
1366,train/001366.jpg,0
1367,train/001367.jpg,1
1368,train/001368.jpg,1
1369,train/001369.jpg,0
1370,train/001370.jpg,1
1371,train/001371.jpg,1
1372,train/001372.jpg,0
1373,train/001373.jpg,1
1374,train/001374.jpg,1
1375,train/001375.jpg,0
1376,train/001376.jpg,0
1377,train/001377.jpg,1
1378,train/001378.jpg,1
1379,train/001379.jpg,1
1380,train/001380.jpg,0
1381,train/001381.jpg,0
1382,train/001382.jpg,0
1383,train/001383.jpg,1
1384,train/001384.jpg,1
1385,train/001385.jpg,1
1386,train/001386.jpg,0
1387,train/001387.jpg,1
1388,train/001388.jpg,0
1389,train/001389.jpg,1
1390,train/001390.jpg,0
1391,train/001391.jpg,1
1392,train/001392.jpg,0
1393,train/001393.jpg,1
1394,train/001394.jpg,1
1395,train/001395.jpg,0
1396,train/001396.jpg,1
1397,train/001397.jpg,1
1398,train/001398.jpg,1
1399,train/001399.jpg,1
1400,train/001400.jpg,0
1401,train/001401.jpg,0
1402,train/001402.jpg,0
1403,train/001403.jpg,1
1404,train/001404.jpg,0
1405,train/001405.jpg,0
1406,train/001406.jpg,0
1407,train/001407.jpg,1
1408,train/001408.jpg,0
1409,train/001409.jpg,1
1410,train/001410.jpg,1
1411,train/001411.jpg,0
1412,train/001412.jpg,0
1413,train/001413.jpg,0
1414,train/001414.jpg,0
1415,train/001415.jpg,0
1416,train/001416.jpg,0
1417,train/001417.jpg,0
1418,train/001418.jpg,0
1419,train/001419.jpg,0
1420,train/001420.jpg,0
1421,train/001421.jpg,0
1422,train/001422.jpg,0
1423,train/001423.jpg,1
1424,train/001424.jpg,1
1425,train/001425.jpg,0
1426,train/001426.jpg,0
1427,train/001427.jpg,0
1428,train/001428.jpg,0
1429,train/001429.jpg,0
1430,train/001430.jpg,0
1431,train/001431.jpg,0
1432,train/001432.jpg,0
1433,train/001433.jpg,0
1434,train/001434.jpg,0
1435,train/001435.jpg,1
1436,train/001436.jpg,0
1437,train/001437.jpg,0
1438,train/001438.jpg,0
1439,train/001439.jpg,0
1440,train/001440.jpg,0
1441,train/001441.jpg,1
1442,train/001442.jpg,1
1443,train/001443.jpg,0
1444,train/001444.jpg,0
1445,train/001445.jpg,1
1446,train/001446.jpg,1
1447,train/001447.jpg,1
1448,train/001448.jpg,1
1449,train/001449.jpg,1
1450,train/001450.jpg,0
1451,train/001451.jpg,0
1452,train/001452.jpg,0
1453,train/001453.jpg,1
1454,train/001454.jpg,1
1455,train/001455.jpg,1
1456,train/001456.jpg,0
1457,train/001457.jpg,1
1458,train/001458.jpg,1
1459,train/001459.jpg,0
1460,train/001460.jpg,0
1461,train/001461.jpg,1
1462,train/001462.jpg,1
1463,train/001463.jpg,0
1464,train/001464.jpg,1
1465,train/001465.jpg,1
1466,train/001466.jpg,0
1467,train/001467.jpg,0
1468,train/001468.jpg,0
1469,train/001469.jpg,0
1470,train/001470.jpg,0
1471,train/001471.jpg,0
1472,train/001472.jpg,1
1473,train/001473.jpg,1
1474,train/001474.jpg,0
1475,train/001475.jpg,1
1476,train/001476.jpg,0
1477,train/001477.jpg,1
1478,train/001478.jpg,1
1479,train/001479.jpg,1
1480,train/001480.jpg,0
1481,train/001481.jpg,0
1482,train/001482.jpg,0
1483,train/001483.jpg,1
1484,train/001484.jpg,0
1485,train/001485.jpg,0
1486,train/001486.jpg,1
1487,train/001487.jpg,1
1488,train/001488.jpg,0
1489,train/001489.jpg,0
1490,train/001490.jpg,0
1491,train/001491.jpg,0
1492,train/001492.jpg,1
1493,train/001493.jpg,0
1494,train/001494.jpg,1
1495,train/001495.jpg,0
1496,train/001496.jpg,0
1497,train/001497.jpg,0
1498,train/001498.jpg,0
1499,train/001499.jpg,1
1500,train/001500.jpg,1
1501,train/001501.jpg,0
1502,train/001502.jpg,0
1503,train/001503.jpg,1
1504,train/001504.jpg,1
1505,train/001505.jpg,0
1506,train/001506.jpg,1
1507,train/001507.jpg,1
1508,train/001508.jpg,1
1509,train/001509.jpg,0
1510,train/001510.jpg,0
1511,train/001511.jpg,0
1512,train/001512.jpg,1
1513,train/001513.jpg,1
1514,train/001514.jpg,1
1515,train/001515.jpg,0
1516,train/001516.jpg,0
1517,train/001517.jpg,0
1518,train/001518.jpg,1
1519,train/001519.jpg,0
1520,train/001520.jpg,1
1521,train/001521.jpg,0
1522,train/001522.jpg,0
1523,train/001523.jpg,1
1524,train/001524.jpg,1
1525,train/001525.jpg,1
1526,train/001526.jpg,0
1527,train/001527.jpg,0
1528,train/001528.jpg,0
1529,train/001529.jpg,1
1530,train/001530.jpg,0
1531,train/001531.jpg,0
1532,train/001532.jpg,0
1533,train/001533.jpg,1
1534,train/001534.jpg,0
1535,train/001535.jpg,1
1536,train/001536.jpg,1
1537,train/001537.jpg,0
1538,train/001538.jpg,1
1539,train/001539.jpg,0
1540,train/001540.jpg,0
1541,train/001541.jpg,0
1542,train/001542.jpg,1
1543,train/001543.jpg,1
1544,train/001544.jpg,1
1545,train/001545.jpg,1
1546,train/001546.jpg,0
1547,train/001547.jpg,1
1548,train/001548.jpg,1
1549,train/001549.jpg,0
1550,train/001550.jpg,0
1551,train/001551.jpg,0
1552,train/001552.jpg,0
1553,train/001553.jpg,0
1554,train/001554.jpg,0
1555,train/001555.jpg,0
1556,train/001556.jpg,0
1557,train/001557.jpg,0
1558,train/001558.jpg,0
1559,train/001559.jpg,1
1560,train/001560.jpg,1
1561,train/001561.jpg,0
1562,train/001562.jpg,1
1563,train/001563.jpg,0
1564,train/001564.jpg,0
1565,train/001565.jpg,0
1566,train/001566.jpg,0
1567,train/001567.jpg,0
1568,train/001568.jpg,1
1569,train/001569.jpg,0
1570,train/001570.jpg,0
1571,train/001571.jpg,1
1572,train/001572.jpg,1
1573,train/001573.jpg,1
1574,train/001574.jpg,0
1575,train/001575.jpg,0
1576,train/001576.jpg,0
1577,train/001577.jpg,0
1578,train/001578.jpg,0
1579,train/001579.jpg,0
1580,train/001580.jpg,1
1581,train/001581.jpg,0
1582,train/001582.jpg,1
1583,train/001583.jpg,1
1584,train/001584.jpg,0
1585,train/001585.jpg,1
1586,train/001586.jpg,0
1587,train/001587.jpg,0
1588,train/001588.jpg,1
1589,train/001589.jpg,1
1590,train/001590.jpg,1
1591,train/001591.jpg,0
1592,train/001592.jpg,1
1593,train/001593.jpg,0
1594,train/001594.jpg,1
1595,train/001595.jpg,1
1596,train/001596.jpg,1
1597,train/001597.jpg,0
1598,train/001598.jpg,0
1599,train/001599.jpg,1
1600,train/001600.jpg,1
1601,train/001601.jpg,0
1602,train/001602.jpg,0
1603,train/001603.jpg,1
1604,train/001604.jpg,1
1605,train/001605.jpg,1
1606,train/001606.jpg,1
1607,train/001607.jpg,1
1608,train/001608.jpg,1
1609,train/001609.jpg,1
1610,train/001610.jpg,1
1611,train/001611.jpg,1
1612,train/001612.jpg,1
1613,train/001613.jpg,1
1614,train/001614.jpg,0
1615,train/001615.jpg,1
1616,train/001616.jpg,0
1617,train/001617.jpg,0
1618,train/001618.jpg,0
1619,train/001619.jpg,0
1620,train/001620.jpg,0
1621,train/001621.jpg,0
1622,train/001622.jpg,0
1623,train/001623.jpg,1
1624,train/001624.jpg,0
1625,train/001625.jpg,0
1626,train/001626.jpg,0
1627,train/001627.jpg,1
1628,train/001628.jpg,1
1629,train/001629.jpg,1
1630,train/001630.jpg,1
1631,train/001631.jpg,0
1632,train/001632.jpg,1
1633,train/001633.jpg,1
1634,train/001634.jpg,1
1635,train/001635.jpg,0
1636,train/001636.jpg,0
1637,train/001637.jpg,1
1638,train/001638.jpg,1
1639,train/001639.jpg,0
1640,train/001640.jpg,0
1641,train/001641.jpg,1
1642,train/001642.jpg,0
1643,train/001643.jpg,1
1644,train/001644.jpg,0
1645,train/001645.jpg,0
1646,train/001646.jpg,0
1647,train/001647.jpg,0
1648,train/001648.jpg,0
1649,train/001649.jpg,1
1650,train/001650.jpg,1
1651,train/001651.jpg,0
1652,train/001652.jpg,0
1653,train/001653.jpg,1
1654,train/001654.jpg,0
1655,train/001655.jpg,0
1656,train/001656.jpg,0
1657,train/001657.jpg,0
1658,train/001658.jpg,1
1659,train/001659.jpg,0
1660,train/001660.jpg,1
1661,train/001661.jpg,1
1662,train/001662.jpg,0
1663,train/001663.jpg,1
1664,train/001664.jpg,1
1665,train/001665.jpg,0
1666,train/001666.jpg,1
1667,train/001667.jpg,1
1668,train/001668.jpg,1
1669,train/001669.jpg,0
1670,train/001670.jpg,0
1671,train/001671.jpg,0
1672,train/001672.jpg,0
1673,train/001673.jpg,0
1674,train/001674.jpg,1
1675,train/001675.jpg,0
1676,train/001676.jpg,1
1677,train/001677.jpg,0
1678,train/001678.jpg,0
1679,train/001679.jpg,1
1680,train/001680.jpg,0
1681,train/001681.jpg,1
1682,train/001682.jpg,0
1683,train/001683.jpg,1
1684,train/001684.jpg,1
1685,train/001685.jpg,0
1686,train/001686.jpg,1
1687,train/001687.jpg,1
1688,train/001688.jpg,0
1689,train/001689.jpg,1
1690,train/001690.jpg,0
1691,train/001691.jpg,0
1692,train/001692.jpg,1
1693,train/001693.jpg,1
1694,train/001694.jpg,0
1695,train/001695.jpg,0
1696,train/001696.jpg,1
1697,train/001697.jpg,0
1698,train/001698.jpg,0
1699,train/001699.jpg,0
1700,train/001700.jpg,1
1701,train/001701.jpg,1
1702,train/001702.jpg,1
1703,train/001703.jpg,0
1704,train/001704.jpg,1
1705,train/001705.jpg,1
1706,train/001706.jpg,0
1707,train/001707.jpg,0
1708,train/001708.jpg,0
1709,train/001709.jpg,1
1710,train/001710.jpg,0
1711,train/001711.jpg,1
1712,train/001712.jpg,0
1713,train/001713.jpg,0
1714,train/001714.jpg,0
1715,train/001715.jpg,1
1716,train/001716.jpg,1
1717,train/001717.jpg,1
1718,train/001718.jpg,0
1719,train/001719.jpg,0
1720,train/001720.jpg,1
1721,train/001721.jpg,0
1722,train/001722.jpg,1
1723,train/001723.jpg,1
1724,train/001724.jpg,0
1725,train/001725.jpg,0
1726,train/001726.jpg,1
1727,train/001727.jpg,1
1728,train/001728.jpg,0
1729,train/001729.jpg,0
1730,train/001730.jpg,0
1731,train/001731.jpg,0
1732,train/001732.jpg,1
1733,train/001733.jpg,1
1734,train/001734.jpg,0
1735,train/001735.jpg,0
1736,train/001736.jpg,0
1737,train/001737.jpg,1
1738,train/001738.jpg,0
1739,train/001739.jpg,0
1740,train/001740.jpg,0
1741,train/001741.jpg,1
1742,train/001742.jpg,1
1743,train/001743.jpg,0
1744,train/001744.jpg,0
1745,train/001745.jpg,0
1746,train/001746.jpg,1
1747,train/001747.jpg,0
1748,train/001748.jpg,1
1749,train/001749.jpg,0
1750,train/001750.jpg,0
1751,train/001751.jpg,0
1752,train/001752.jpg,1
1753,train/001753.jpg,1
1754,train/001754.jpg,0
1755,train/001755.jpg,0
1756,train/001756.jpg,1
1757,train/001757.jpg,1
1758,train/001758.jpg,1
1759,train/001759.jpg,0
1760,train/001760.jpg,1
1761,train/001761.jpg,1
1762,train/001762.jpg,1
1763,train/001763.jpg,0
1764,train/001764.jpg,1
1765,train/001765.jpg,1
1766,train/001766.jpg,0
1767,train/001767.jpg,0
1768,train/001768.jpg,1
1769,train/001769.jpg,0
1770,train/001770.jpg,1
1771,train/001771.jpg,0
1772,train/001772.jpg,0
1773,train/001773.jpg,0
1774,train/001774.jpg,1
1775,train/001775.jpg,1
1776,train/001776.jpg,0
1777,train/001777.jpg,0
1778,train/001778.jpg,0
1779,train/001779.jpg,1
1780,train/001780.jpg,1
1781,train/001781.jpg,1
1782,train/001782.jpg,1
1783,train/001783.jpg,1
1784,train/001784.jpg,0
1785,train/001785.jpg,1
1786,train/001786.jpg,1
1787,train/001787.jpg,0
1788,train/001788.jpg,0
1789,train/001789.jpg,0
1790,train/001790.jpg,1
1791,train/001791.jpg,1
1792,train/001792.jpg,1
1793,train/001793.jpg,0
1794,train/001794.jpg,1
1795,train/001795.jpg,0
1796,train/001796.jpg,1
1797,train/001797.jpg,1
1798,train/001798.jpg,0
1799,train/001799.jpg,0
1800,train/001800.jpg,0
1801,train/001801.jpg,0
1802,train/001802.jpg,0
1803,train/001803.jpg,0
1804,train/001804.jpg,0
1805,train/001805.jpg,1
1806,train/001806.jpg,0
1807,train/001807.jpg,1
1808,train/001808.jpg,0
1809,train/001809.jpg,0
1810,train/001810.jpg,0
1811,train/001811.jpg,1
1812,train/001812.jpg,0
1813,train/001813.jpg,0
1814,train/001814.jpg,1
1815,train/001815.jpg,0
1816,train/001816.jpg,1
1817,train/001817.jpg,0
1818,train/001818.jpg,1
1819,train/001819.jpg,0
1820,train/001820.jpg,1
1821,train/001821.jpg,1
1822,train/001822.jpg,1
1823,train/001823.jpg,0
1824,train/001824.jpg,0
1825,train/001825.jpg,1
1826,train/001826.jpg,1
1827,train/001827.jpg,0
1828,train/001828.jpg,1
1829,train/001829.jpg,0
1830,train/001830.jpg,0
1831,train/001831.jpg,0
1832,train/001832.jpg,0
1833,train/001833.jpg,1
1834,train/001834.jpg,0
1835,train/001835.jpg,0
1836,train/001836.jpg,0
1837,train/001837.jpg,1
1838,train/001838.jpg,0
1839,train/001839.jpg,0
1840,train/001840.jpg,0
1841,train/001841.jpg,0
1842,train/001842.jpg,0
1843,train/001843.jpg,0
1844,train/001844.jpg,0
1845,train/001845.jpg,0
1846,train/001846.jpg,0
1847,train/001847.jpg,0
1848,train/001848.jpg,0
1849,train/001849.jpg,1
1850,train/001850.jpg,0
1851,train/001851.jpg,1
1852,train/001852.jpg,1
1853,train/001853.jpg,0
1854,train/001854.jpg,1
1855,train/001855.jpg,1
1856,train/001856.jpg,0
1857,train/001857.jpg,1
1858,train/001858.jpg,0
1859,train/001859.jpg,0
1860,train/001860.jpg,0
1861,train/001861.jpg,0
1862,train/001862.jpg,1
1863,train/001863.jpg,1
1864,train/001864.jpg,0
1865,train/001865.jpg,0
1866,train/001866.jpg,0
1867,train/001867.jpg,0
1868,train/001868.jpg,0
1869,train/001869.jpg,1
1870,train/001870.jpg,0
1871,train/001871.jpg,1
1872,train/001872.jpg,1
1873,train/001873.jpg,0
1874,train/001874.jpg,0
1875,train/001875.jpg,1
1876,train/001876.jpg,0
1877,train/001877.jpg,0
1878,train/001878.jpg,0
1879,train/001879.jpg,1
1880,train/001880.jpg,1
1881,train/001881.jpg,1
1882,train/001882.jpg,0
1883,train/001883.jpg,0
1884,train/001884.jpg,0
1885,train/001885.jpg,1
1886,train/001886.jpg,1
1887,train/001887.jpg,1
1888,train/001888.jpg,0
1889,train/001889.jpg,1
1890,train/001890.jpg,1
1891,train/001891.jpg,0
1892,train/001892.jpg,0
1893,train/001893.jpg,0
1894,train/001894.jpg,0
1895,train/001895.jpg,0
1896,train/001896.jpg,1
1897,train/001897.jpg,1
1898,train/001898.jpg,0
1899,train/001899.jpg,0
1900,train/001900.jpg,0
1901,train/001901.jpg,1
1902,train/001902.jpg,0
1903,train/001903.jpg,0
1904,train/001904.jpg,0
1905,train/001905.jpg,1
1906,train/001906.jpg,0
1907,train/001907.jpg,1
1908,train/001908.jpg,0
1909,train/001909.jpg,1
1910,train/001910.jpg,0
1911,train/001911.jpg,0
1912,train/001912.jpg,1
1913,train/001913.jpg,0
1914,train/001914.jpg,1
1915,train/001915.jpg,1
1916,train/001916.jpg,0
1917,train/001917.jpg,1
1918,train/001918.jpg,0
1919,train/001919.jpg,1
1920,train/001920.jpg,1
1921,train/001921.jpg,0
1922,train/001922.jpg,1
1923,train/001923.jpg,1
1924,train/001924.jpg,1
1925,train/001925.jpg,0
1926,train/001926.jpg,0
1927,train/001927.jpg,0
1928,train/001928.jpg,0
1929,train/001929.jpg,1
1930,train/001930.jpg,1
1931,train/001931.jpg,1
1932,train/001932.jpg,1
1933,train/001933.jpg,1
1934,train/001934.jpg,1
1935,train/001935.jpg,1
1936,train/001936.jpg,1
1937,train/001937.jpg,1
1938,train/001938.jpg,1
1939,train/001939.jpg,1
1940,train/001940.jpg,1
1941,train/001941.jpg,0
1942,train/001942.jpg,1
1943,train/001943.jpg,0
1944,train/001944.jpg,1
1945,train/001945.jpg,0
1946,train/001946.jpg,0
1947,train/001947.jpg,1
1948,train/001948.jpg,0
1949,train/001949.jpg,0
1950,train/001950.jpg,1
1951,train/001951.jpg,1
1952,train/001952.jpg,0
1953,train/001953.jpg,1
1954,train/001954.jpg,1
1955,train/001955.jpg,1
1956,train/001956.jpg,0
1957,train/001957.jpg,1
1958,train/001958.jpg,0
1959,train/001959.jpg,0
1960,train/001960.jpg,1
1961,train/001961.jpg,0
1962,train/001962.jpg,0
1963,train/001963.jpg,1
1964,train/001964.jpg,1
1965,train/001965.jpg,0
1966,train/001966.jpg,0
1967,train/001967.jpg,1
1968,train/001968.jpg,0
1969,train/001969.jpg,0
1970,train/001970.jpg,0
1971,train/001971.jpg,0
1972,train/001972.jpg,0
1973,train/001973.jpg,0
1974,train/001974.jpg,1
1975,train/001975.jpg,0
1976,train/001976.jpg,1
1977,train/001977.jpg,1
1978,train/001978.jpg,0
1979,train/001979.jpg,1
1980,train/001980.jpg,1
1981,train/001981.jpg,0
1982,train/001982.jpg,0
1983,train/001983.jpg,1
1984,train/001984.jpg,0
1985,train/001985.jpg,0
1986,train/001986.jpg,0
1987,train/001987.jpg,1
1988,train/001988.jpg,0
1989,train/001989.jpg,1
1990,train/001990.jpg,0
1991,train/001991.jpg,1
1992,train/001992.jpg,1
1993,train/001993.jpg,0
1994,train/001994.jpg,1
1995,train/001995.jpg,1
1996,train/001996.jpg,1
1997,train/001997.jpg,0
1998,train/001998.jpg,1
1999,train/001999.jpg,1
2000,train/002000.jpg,1
2001,train/002001.jpg,1
2002,train/002002.jpg,1
2003,train/002003.jpg,0
2004,train/002004.jpg,0
2005,train/002005.jpg,0
2006,train/002006.jpg,0
2007,train/002007.jpg,0
2008,train/002008.jpg,1
2009,train/002009.jpg,0
2010,train/002010.jpg,0
2011,train/002011.jpg,1
2012,train/002012.jpg,1
2013,train/002013.jpg,1
2014,train/002014.jpg,0
2015,train/002015.jpg,0
2016,train/002016.jpg,1
2017,train/002017.jpg,1
2018,train/002018.jpg,1
2019,train/002019.jpg,0
2020,train/002020.jpg,1
2021,train/002021.jpg,1
2022,train/002022.jpg,0
2023,train/002023.jpg,0
2024,train/002024.jpg,0
2025,train/002025.jpg,0
2026,train/002026.jpg,0
2027,train/002027.jpg,0
2028,train/002028.jpg,0
2029,train/002029.jpg,0
2030,train/002030.jpg,0
2031,train/002031.jpg,0
2032,train/002032.jpg,0
2033,train/002033.jpg,1
2034,train/002034.jpg,1
2035,train/002035.jpg,0
2036,train/002036.jpg,1
2037,train/002037.jpg,0
2038,train/002038.jpg,0
2039,train/002039.jpg,1
2040,train/002040.jpg,1
2041,train/002041.jpg,0
2042,train/002042.jpg,1
2043,train/002043.jpg,1
2044,train/002044.jpg,1
2045,train/002045.jpg,0
2046,train/002046.jpg,1
2047,train/002047.jpg,1
2048,train/002048.jpg,0
2049,train/002049.jpg,1
2050,train/002050.jpg,1
2051,train/002051.jpg,1
2052,train/002052.jpg,1
2053,train/002053.jpg,0
2054,train/002054.jpg,0
2055,train/002055.jpg,0
2056,train/002056.jpg,1
2057,train/002057.jpg,0
2058,train/002058.jpg,0
2059,train/002059.jpg,0
2060,train/002060.jpg,0
2061,train/002061.jpg,1
2062,train/002062.jpg,0
2063,train/002063.jpg,1
2064,train/002064.jpg,1
2065,train/002065.jpg,1
2066,train/002066.jpg,1
2067,train/002067.jpg,0
2068,train/002068.jpg,1
2069,train/002069.jpg,0
2070,train/002070.jpg,0
2071,train/002071.jpg,0
2072,train/002072.jpg,1
2073,train/002073.jpg,0
2074,train/002074.jpg,1
2075,train/002075.jpg,0
2076,train/002076.jpg,0
2077,train/002077.jpg,1
2078,train/002078.jpg,1
2079,train/002079.jpg,0
2080,train/002080.jpg,0
2081,train/002081.jpg,0
2082,train/002082.jpg,0
2083,train/002083.jpg,1
2084,train/002084.jpg,0
2085,train/002085.jpg,0
2086,train/002086.jpg,1
2087,train/002087.jpg,1
2088,train/002088.jpg,0
2089,train/002089.jpg,0
2090,train/002090.jpg,0
2091,train/002091.jpg,0
2092,train/002092.jpg,1
2093,train/002093.jpg,0
2094,train/002094.jpg,1
2095,train/002095.jpg,1
2096,train/002096.jpg,1
2097,train/002097.jpg,0
2098,train/002098.jpg,0
2099,train/002099.jpg,1
2100,train/002100.jpg,1
2101,train/002101.jpg,0
2102,train/002102.jpg,1
2103,train/002103.jpg,0
2104,train/002104.jpg,1
2105,train/002105.jpg,0
2106,train/002106.jpg,0
2107,train/002107.jpg,0
2108,train/002108.jpg,1
2109,train/002109.jpg,0
2110,train/002110.jpg,1
2111,train/002111.jpg,0
2112,train/002112.jpg,0
2113,train/002113.jpg,1
2114,train/002114.jpg,0
2115,train/002115.jpg,0
2116,train/002116.jpg,0
2117,train/002117.jpg,1
2118,train/002118.jpg,1
2119,train/002119.jpg,1
2120,train/002120.jpg,1
2121,train/002121.jpg,0
2122,train/002122.jpg,0
2123,train/002123.jpg,1
2124,train/002124.jpg,1
2125,train/002125.jpg,1
2126,train/002126.jpg,1
2127,train/002127.jpg,0
2128,train/002128.jpg,0
2129,train/002129.jpg,1
2130,train/002130.jpg,1
2131,train/002131.jpg,0
2132,train/002132.jpg,1
2133,train/002133.jpg,0
2134,train/002134.jpg,0
2135,train/002135.jpg,0
2136,train/002136.jpg,0
2137,train/002137.jpg,1
2138,train/002138.jpg,1
2139,train/002139.jpg,1
2140,train/002140.jpg,1
2141,train/002141.jpg,1
2142,train/002142.jpg,0
2143,train/002143.jpg,0
2144,train/002144.jpg,1
2145,train/002145.jpg,0
2146,train/002146.jpg,0
2147,train/002147.jpg,1
2148,train/002148.jpg,0
2149,train/002149.jpg,0
2150,train/002150.jpg,1
2151,train/002151.jpg,1
2152,train/002152.jpg,0
2153,train/002153.jpg,0
2154,train/002154.jpg,1
2155,train/002155.jpg,0
2156,train/002156.jpg,1
2157,train/002157.jpg,1
2158,train/002158.jpg,0
2159,train/002159.jpg,0
2160,train/002160.jpg,1
2161,train/002161.jpg,1
2162,train/002162.jpg,1
2163,train/002163.jpg,0
2164,train/002164.jpg,0
2165,train/002165.jpg,0
2166,train/002166.jpg,0
2167,train/002167.jpg,0
2168,train/002168.jpg,0
2169,train/002169.jpg,0
2170,train/002170.jpg,0
2171,train/002171.jpg,1
2172,train/002172.jpg,1
2173,train/002173.jpg,0
2174,train/002174.jpg,0
2175,train/002175.jpg,1
2176,train/002176.jpg,0
2177,train/002177.jpg,1
2178,train/002178.jpg,1
2179,train/002179.jpg,1
2180,train/002180.jpg,0
2181,train/002181.jpg,0
2182,train/002182.jpg,1
2183,train/002183.jpg,1
2184,train/002184.jpg,1
2185,train/002185.jpg,1
2186,train/002186.jpg,0
2187,train/002187.jpg,0
2188,train/002188.jpg,0
2189,train/002189.jpg,1
2190,train/002190.jpg,1
2191,train/002191.jpg,1
2192,train/002192.jpg,0
2193,train/002193.jpg,1
2194,train/002194.jpg,1
2195,train/002195.jpg,0
2196,train/002196.jpg,0
2197,train/002197.jpg,0
2198,train/002198.jpg,1
2199,train/002199.jpg,1
2200,train/002200.jpg,1
2201,train/002201.jpg,0
2202,train/002202.jpg,0
2203,train/002203.jpg,1
2204,train/002204.jpg,1
2205,train/002205.jpg,0
2206,train/002206.jpg,1
2207,train/002207.jpg,1
2208,train/002208.jpg,1
2209,train/002209.jpg,0
2210,train/002210.jpg,1
2211,train/002211.jpg,1
2212,train/002212.jpg,1
2213,train/002213.jpg,1
2214,train/002214.jpg,0
2215,train/002215.jpg,1
2216,train/002216.jpg,0
2217,train/002217.jpg,0
2218,train/002218.jpg,0
2219,train/002219.jpg,0
2220,train/002220.jpg,0
2221,train/002221.jpg,1
2222,train/002222.jpg,0
2223,train/002223.jpg,0
2224,train/002224.jpg,0
2225,train/002225.jpg,0
2226,train/002226.jpg,1
2227,train/002227.jpg,0
2228,train/002228.jpg,0
2229,train/002229.jpg,0
2230,train/002230.jpg,1
2231,train/002231.jpg,0
2232,train/002232.jpg,0
2233,train/002233.jpg,0
2234,train/002234.jpg,1
2235,train/002235.jpg,0
2236,train/002236.jpg,1
2237,train/002237.jpg,0
2238,train/002238.jpg,0
2239,train/002239.jpg,1
2240,train/002240.jpg,1
2241,train/002241.jpg,0
2242,train/002242.jpg,1
2243,train/002243.jpg,1
2244,train/002244.jpg,1
2245,train/002245.jpg,0
2246,train/002246.jpg,0
2247,train/002247.jpg,0
2248,train/002248.jpg,1
2249,train/002249.jpg,0
2250,train/002250.jpg,0
2251,train/002251.jpg,1
2252,train/002252.jpg,1
2253,train/002253.jpg,1
2254,train/002254.jpg,0
2255,train/002255.jpg,0
2256,train/002256.jpg,0
2257,train/002257.jpg,0
2258,train/002258.jpg,0
2259,train/002259.jpg,0
2260,train/002260.jpg,0
2261,train/002261.jpg,0
2262,train/002262.jpg,0
2263,train/002263.jpg,0
2264,train/002264.jpg,1
2265,train/002265.jpg,0
2266,train/002266.jpg,1
2267,train/002267.jpg,0
2268,train/002268.jpg,0
2269,train/002269.jpg,0
2270,train/002270.jpg,0
2271,train/002271.jpg,0
2272,train/002272.jpg,0
2273,train/002273.jpg,0
2274,train/002274.jpg,1
2275,train/002275.jpg,0
2276,train/002276.jpg,1
2277,train/002277.jpg,0
2278,train/002278.jpg,0
2279,train/002279.jpg,0
2280,train/002280.jpg,1
2281,train/002281.jpg,0
2282,train/002282.jpg,0
2283,train/002283.jpg,1
2284,train/002284.jpg,0
2285,train/002285.jpg,0
2286,train/002286.jpg,0
2287,train/002287.jpg,0
2288,train/002288.jpg,1
2289,train/002289.jpg,1
2290,train/002290.jpg,0
2291,train/002291.jpg,1
2292,train/002292.jpg,0
2293,train/002293.jpg,1
2294,train/002294.jpg,1
2295,train/002295.jpg,0
2296,train/002296.jpg,1
2297,train/002297.jpg,0
2298,train/002298.jpg,1
2299,train/002299.jpg,1
2300,train/002300.jpg,0
2301,train/002301.jpg,1
2302,train/002302.jpg,1
2303,train/002303.jpg,0
2304,train/002304.jpg,0
2305,train/002305.jpg,0
2306,train/002306.jpg,1
2307,train/002307.jpg,1
2308,train/002308.jpg,0
2309,train/002309.jpg,1
2310,train/002310.jpg,1
2311,train/002311.jpg,0
2312,train/002312.jpg,0
2313,train/002313.jpg,1
2314,train/002314.jpg,0
2315,train/002315.jpg,0
2316,train/002316.jpg,0
2317,train/002317.jpg,1
2318,train/002318.jpg,0
2319,train/002319.jpg,1
2320,train/002320.jpg,0
2321,train/002321.jpg,0
2322,train/002322.jpg,1
2323,train/002323.jpg,0
2324,train/002324.jpg,1
2325,train/002325.jpg,0
2326,train/002326.jpg,0
2327,train/002327.jpg,0
2328,train/002328.jpg,1
2329,train/002329.jpg,0
2330,train/002330.jpg,0
2331,train/002331.jpg,1
2332,train/002332.jpg,1
2333,train/002333.jpg,1
2334,train/002334.jpg,0
2335,train/002335.jpg,0
2336,train/002336.jpg,1
2337,train/002337.jpg,0
2338,train/002338.jpg,1
2339,train/002339.jpg,1
2340,train/002340.jpg,0
2341,train/002341.jpg,0
2342,train/002342.jpg,0
2343,train/002343.jpg,1
2344,train/002344.jpg,0
2345,train/002345.jpg,1
2346,train/002346.jpg,0
2347,train/002347.jpg,0
2348,train/002348.jpg,0
2349,train/002349.jpg,0
2350,train/002350.jpg,0
2351,train/002351.jpg,0
2352,train/002352.jpg,0
2353,train/002353.jpg,0
2354,train/002354.jpg,1
2355,train/002355.jpg,0
2356,train/002356.jpg,0
2357,train/002357.jpg,0
2358,train/002358.jpg,1
2359,train/002359.jpg,1
2360,train/002360.jpg,0
2361,train/002361.jpg,0
2362,train/002362.jpg,1
2363,train/002363.jpg,1
2364,train/002364.jpg,0
2365,train/002365.jpg,0
2366,train/002366.jpg,0
2367,train/002367.jpg,0
2368,train/002368.jpg,1
2369,train/002369.jpg,0
2370,train/002370.jpg,0
2371,train/002371.jpg,0
2372,train/002372.jpg,0
2373,train/002373.jpg,1
2374,train/002374.jpg,0
2375,train/002375.jpg,1
2376,train/002376.jpg,0
2377,train/002377.jpg,1
2378,train/002378.jpg,1
2379,train/002379.jpg,0
2380,train/002380.jpg,1
2381,train/002381.jpg,0
2382,train/002382.jpg,0
2383,train/002383.jpg,1
2384,train/002384.jpg,0
2385,train/002385.jpg,0
2386,train/002386.jpg,1
2387,train/002387.jpg,1
2388,train/002388.jpg,0
2389,train/002389.jpg,1
2390,train/002390.jpg,1
2391,train/002391.jpg,0
2392,train/002392.jpg,0
2393,train/002393.jpg,1
2394,train/002394.jpg,1
2395,train/002395.jpg,1
2396,train/002396.jpg,0
2397,train/002397.jpg,1
2398,train/002398.jpg,0
2399,train/002399.jpg,1
2400,train/002400.jpg,1
2401,train/002401.jpg,1
2402,train/002402.jpg,0
2403,train/002403.jpg,1
2404,train/002404.jpg,1
2405,train/002405.jpg,0
2406,train/002406.jpg,0
2407,train/002407.jpg,0
2408,train/002408.jpg,0
2409,train/002409.jpg,1
2410,train/002410.jpg,1
2411,train/002411.jpg,1
2412,train/002412.jpg,1
2413,train/002413.jpg,1
2414,train/002414.jpg,0
2415,train/002415.jpg,0
2416,train/002416.jpg,0
2417,train/002417.jpg,1
2418,train/002418.jpg,0
2419,train/002419.jpg,0
2420,train/002420.jpg,1
2421,train/002421.jpg,0
2422,train/002422.jpg,1
2423,train/002423.jpg,0
2424,train/002424.jpg,0
2425,train/002425.jpg,0
2426,train/002426.jpg,0
2427,train/002427.jpg,0
2428,train/002428.jpg,1
2429,train/002429.jpg,1
2430,train/002430.jpg,0
2431,train/002431.jpg,1
2432,train/002432.jpg,1
2433,train/002433.jpg,0
2434,train/002434.jpg,1
2435,train/002435.jpg,0
2436,train/002436.jpg,0
2437,train/002437.jpg,1
2438,train/002438.jpg,0
2439,train/002439.jpg,1
2440,train/002440.jpg,1
2441,train/002441.jpg,0
2442,train/002442.jpg,0
2443,train/002443.jpg,0
2444,train/002444.jpg,0
2445,train/002445.jpg,0
2446,train/002446.jpg,1
2447,train/002447.jpg,1
2448,train/002448.jpg,1
2449,train/002449.jpg,0
2450,train/002450.jpg,0
2451,train/002451.jpg,0
2452,train/002452.jpg,1
2453,train/002453.jpg,1
2454,train/002454.jpg,0
2455,train/002455.jpg,0
2456,train/002456.jpg,0
2457,train/002457.jpg,0
2458,train/002458.jpg,1
2459,train/002459.jpg,0
2460,train/002460.jpg,1
2461,train/002461.jpg,1
2462,train/002462.jpg,0
2463,train/002463.jpg,1
2464,train/002464.jpg,0
2465,train/002465.jpg,0
2466,train/002466.jpg,1
2467,train/002467.jpg,1
2468,train/002468.jpg,1
2469,train/002469.jpg,0
2470,train/002470.jpg,0
2471,train/002471.jpg,1
2472,train/002472.jpg,0
2473,train/002473.jpg,1
2474,train/002474.jpg,0
2475,train/002475.jpg,0
2476,train/002476.jpg,0
2477,train/002477.jpg,1
2478,train/002478.jpg,1
2479,train/002479.jpg,0
2480,train/002480.jpg,0
2481,train/002481.jpg,0
2482,train/002482.jpg,0
2483,train/002483.jpg,0
2484,train/002484.jpg,1
2485,train/002485.jpg,1
2486,train/002486.jpg,1
2487,train/002487.jpg,0
2488,train/002488.jpg,0
2489,train/002489.jpg,0
2490,train/002490.jpg,1
2491,train/002491.jpg,1
2492,train/002492.jpg,0
2493,train/002493.jpg,0
2494,train/002494.jpg,1
2495,train/002495.jpg,0
2496,train/002496.jpg,1
2497,train/002497.jpg,1
2498,train/002498.jpg,1
2499,train/002499.jpg,0
2500,train/002500.jpg,1
2501,train/002501.jpg,1
2502,train/002502.jpg,0
2503,train/002503.jpg,1
2504,train/002504.jpg,0
2505,train/002505.jpg,1
2506,train/002506.jpg,1
2507,train/002507.jpg,0
2508,train/002508.jpg,1
2509,train/002509.jpg,0
2510,train/002510.jpg,1
2511,train/002511.jpg,0
2512,train/002512.jpg,1
2513,train/002513.jpg,1
2514,train/002514.jpg,1
2515,train/002515.jpg,0
2516,train/002516.jpg,1
2517,train/002517.jpg,1
2518,train/002518.jpg,1
2519,train/002519.jpg,0
2520,train/002520.jpg,1
2521,train/002521.jpg,0
2522,train/002522.jpg,0
2523,train/002523.jpg,0
2524,train/002524.jpg,1
2525,train/002525.jpg,0
2526,train/002526.jpg,0
2527,train/002527.jpg,0
2528,train/002528.jpg,1
2529,train/002529.jpg,0
2530,train/002530.jpg,0
2531,train/002531.jpg,1
2532,train/002532.jpg,1
2533,train/002533.jpg,0
2534,train/002534.jpg,0
2535,train/002535.jpg,1
2536,train/002536.jpg,0
2537,train/002537.jpg,0
2538,train/002538.jpg,0
2539,train/002539.jpg,0
2540,train/002540.jpg,1
2541,train/002541.jpg,0
2542,train/002542.jpg,1
2543,train/002543.jpg,1
2544,train/002544.jpg,0
2545,train/002545.jpg,0
2546,train/002546.jpg,0
2547,train/002547.jpg,1
2548,train/002548.jpg,0
2549,train/002549.jpg,0
2550,train/002550.jpg,0
2551,train/002551.jpg,0
2552,train/002552.jpg,1
2553,train/002553.jpg,0
2554,train/002554.jpg,0
2555,train/002555.jpg,1
2556,train/002556.jpg,0
2557,train/002557.jpg,0
2558,train/002558.jpg,1
2559,train/002559.jpg,0
2560,train/002560.jpg,1
2561,train/002561.jpg,0
2562,train/002562.jpg,1
2563,train/002563.jpg,1
2564,train/002564.jpg,1
2565,train/002565.jpg,1
2566,train/002566.jpg,1
2567,train/002567.jpg,0
2568,train/002568.jpg,0
2569,train/002569.jpg,0
2570,train/002570.jpg,1
2571,train/002571.jpg,0
2572,train/002572.jpg,0
2573,train/002573.jpg,0
2574,train/002574.jpg,1
2575,train/002575.jpg,0
2576,train/002576.jpg,1
2577,train/002577.jpg,1
2578,train/002578.jpg,0
2579,train/002579.jpg,0
2580,train/002580.jpg,0
2581,train/002581.jpg,0
2582,train/002582.jpg,0
2583,train/002583.jpg,1
2584,train/002584.jpg,0
2585,train/002585.jpg,1
2586,train/002586.jpg,0
2587,train/002587.jpg,1
2588,train/002588.jpg,0
2589,train/002589.jpg,0
2590,train/002590.jpg,1
2591,train/002591.jpg,0
2592,train/002592.jpg,1
2593,train/002593.jpg,1
2594,train/002594.jpg,1
2595,train/002595.jpg,0
2596,train/002596.jpg,0
2597,train/002597.jpg,1
2598,train/002598.jpg,0
2599,train/002599.jpg,0
2600,train/002600.jpg,1
2601,train/002601.jpg,1
2602,train/002602.jpg,1
2603,train/002603.jpg,0
2604,train/002604.jpg,1
2605,train/002605.jpg,1
2606,train/002606.jpg,0
2607,train/002607.jpg,0
2608,train/002608.jpg,1
2609,train/002609.jpg,0
2610,train/002610.jpg,1
2611,train/002611.jpg,1
2612,train/002612.jpg,1
2613,train/002613.jpg,1
2614,train/002614.jpg,1
2615,train/002615.jpg,0
2616,train/002616.jpg,0
2617,train/002617.jpg,0
2618,train/002618.jpg,0
2619,train/002619.jpg,1
2620,train/002620.jpg,0
2621,train/002621.jpg,1
2622,train/002622.jpg,0
2623,train/002623.jpg,1
2624,train/002624.jpg,0
2625,train/002625.jpg,1
2626,train/002626.jpg,0
2627,train/002627.jpg,0
2628,train/002628.jpg,0
2629,train/002629.jpg,1
2630,train/002630.jpg,0
2631,train/002631.jpg,1
2632,train/002632.jpg,0
2633,train/002633.jpg,0
2634,train/002634.jpg,1
2635,train/002635.jpg,0
2636,train/002636.jpg,0
2637,train/002637.jpg,0
2638,train/002638.jpg,1
2639,train/002639.jpg,1
2640,train/002640.jpg,1
2641,train/002641.jpg,1
2642,train/002642.jpg,0
2643,train/002643.jpg,1
2644,train/002644.jpg,0
2645,train/002645.jpg,1
2646,train/002646.jpg,1
2647,train/002647.jpg,1
2648,train/002648.jpg,0
2649,train/002649.jpg,1
2650,train/002650.jpg,0
2651,train/002651.jpg,0
2652,train/002652.jpg,0
2653,train/002653.jpg,1
2654,train/002654.jpg,0
2655,train/002655.jpg,0
2656,train/002656.jpg,0
2657,train/002657.jpg,1
2658,train/002658.jpg,1
2659,train/002659.jpg,0
2660,train/002660.jpg,0
2661,train/002661.jpg,1
2662,train/002662.jpg,0
2663,train/002663.jpg,1
2664,train/002664.jpg,1
2665,train/002665.jpg,0
2666,train/002666.jpg,1
2667,train/002667.jpg,0
2668,train/002668.jpg,1
2669,train/002669.jpg,1
2670,train/002670.jpg,1
2671,train/002671.jpg,0
2672,train/002672.jpg,1
2673,train/002673.jpg,0
2674,train/002674.jpg,0
2675,train/002675.jpg,0
2676,train/002676.jpg,1
2677,train/002677.jpg,1
2678,train/002678.jpg,0
2679,train/002679.jpg,0
2680,train/002680.jpg,0
2681,train/002681.jpg,1
2682,train/002682.jpg,0
2683,train/002683.jpg,0
2684,train/002684.jpg,0
2685,train/002685.jpg,0
2686,train/002686.jpg,1
2687,train/002687.jpg,0
2688,train/002688.jpg,1
2689,train/002689.jpg,0
2690,train/002690.jpg,0
2691,train/002691.jpg,0
2692,train/002692.jpg,1
2693,train/002693.jpg,0
2694,train/002694.jpg,0
2695,train/002695.jpg,1
2696,train/002696.jpg,0
2697,train/002697.jpg,0
2698,train/002698.jpg,1
2699,train/002699.jpg,0
2700,train/002700.jpg,0
2701,train/002701.jpg,0
2702,train/002702.jpg,0
2703,train/002703.jpg,0
2704,train/002704.jpg,1
2705,train/002705.jpg,1
2706,train/002706.jpg,1
2707,train/002707.jpg,1
2708,train/002708.jpg,1
2709,train/002709.jpg,0
2710,train/002710.jpg,0
2711,train/002711.jpg,1
2712,train/002712.jpg,0
2713,train/002713.jpg,0
2714,train/002714.jpg,0
2715,train/002715.jpg,0
2716,train/002716.jpg,1
2717,train/002717.jpg,1
2718,train/002718.jpg,0
2719,train/002719.jpg,1
2720,train/002720.jpg,1
2721,train/002721.jpg,1
2722,train/002722.jpg,0
2723,train/002723.jpg,0
2724,train/002724.jpg,0
2725,train/002725.jpg,0
2726,train/002726.jpg,1
2727,train/002727.jpg,1
2728,train/002728.jpg,0
2729,train/002729.jpg,1
2730,train/002730.jpg,0
2731,train/002731.jpg,0
2732,train/002732.jpg,1
2733,train/002733.jpg,0
2734,train/002734.jpg,1
2735,train/002735.jpg,0
2736,train/002736.jpg,0
2737,train/002737.jpg,1
2738,train/002738.jpg,1
2739,train/002739.jpg,0
2740,train/002740.jpg,0
2741,train/002741.jpg,0
2742,train/002742.jpg,1
2743,train/002743.jpg,0
2744,train/002744.jpg,0
2745,train/002745.jpg,1
2746,train/002746.jpg,0
2747,train/002747.jpg,0
2748,train/002748.jpg,0
2749,train/002749.jpg,0
2750,train/002750.jpg,0
2751,train/002751.jpg,1
2752,train/002752.jpg,0
2753,train/002753.jpg,0
2754,train/002754.jpg,0
2755,train/002755.jpg,0
2756,train/002756.jpg,0
2757,train/002757.jpg,1
2758,train/002758.jpg,0
2759,train/002759.jpg,1
2760,train/002760.jpg,1
2761,train/002761.jpg,0
2762,train/002762.jpg,0
2763,train/002763.jpg,0
2764,train/002764.jpg,0
2765,train/002765.jpg,1
2766,train/002766.jpg,1
2767,train/002767.jpg,0
2768,train/002768.jpg,0
2769,train/002769.jpg,0
2770,train/002770.jpg,0
2771,train/002771.jpg,0
2772,train/002772.jpg,0
2773,train/002773.jpg,1
2774,train/002774.jpg,1
2775,train/002775.jpg,0
2776,train/002776.jpg,1
2777,train/002777.jpg,1
2778,train/002778.jpg,0
2779,train/002779.jpg,0
2780,train/002780.jpg,0
2781,train/002781.jpg,0
2782,train/002782.jpg,1
2783,train/002783.jpg,1
2784,train/002784.jpg,1
2785,train/002785.jpg,1
2786,train/002786.jpg,0
2787,train/002787.jpg,0
2788,train/002788.jpg,1
2789,train/002789.jpg,1
2790,train/002790.jpg,0
2791,train/002791.jpg,1
2792,train/002792.jpg,0
2793,train/002793.jpg,0
2794,train/002794.jpg,0
2795,train/002795.jpg,0
2796,train/002796.jpg,1
2797,train/002797.jpg,0
2798,train/002798.jpg,0
2799,train/002799.jpg,0
2800,train/002800.jpg,1
2801,train/002801.jpg,0
2802,train/002802.jpg,0
2803,train/002803.jpg,1
2804,train/002804.jpg,1
2805,train/002805.jpg,1
2806,train/002806.jpg,0
2807,train/002807.jpg,1
2808,train/002808.jpg,0
2809,train/002809.jpg,0
2810,train/002810.jpg,1
2811,train/002811.jpg,1
2812,train/002812.jpg,0
2813,train/002813.jpg,0
2814,train/002814.jpg,1
2815,train/002815.jpg,1
2816,train/002816.jpg,0
2817,train/002817.jpg,1
2818,train/002818.jpg,0
2819,train/002819.jpg,1
2820,train/002820.jpg,0
2821,train/002821.jpg,0
2822,train/002822.jpg,0
2823,train/002823.jpg,0
2824,train/002824.jpg,0
2825,train/002825.jpg,0
2826,train/002826.jpg,0
2827,train/002827.jpg,0
2828,train/002828.jpg,1
2829,train/002829.jpg,1
2830,train/002830.jpg,1
2831,train/002831.jpg,0
2832,train/002832.jpg,0
2833,train/002833.jpg,0
2834,train/002834.jpg,1
2835,train/002835.jpg,1
2836,train/002836.jpg,0
2837,train/002837.jpg,1
2838,train/002838.jpg,0
2839,train/002839.jpg,0
2840,train/002840.jpg,0
2841,train/002841.jpg,1
2842,train/002842.jpg,0
2843,train/002843.jpg,0
2844,train/002844.jpg,0
2845,train/002845.jpg,1
2846,train/002846.jpg,0
2847,train/002847.jpg,0
2848,train/002848.jpg,1
2849,train/002849.jpg,1
2850,train/002850.jpg,1
2851,train/002851.jpg,0
2852,train/002852.jpg,0
2853,train/002853.jpg,0
2854,train/002854.jpg,1
2855,train/002855.jpg,0
2856,train/002856.jpg,1
2857,train/002857.jpg,1
2858,train/002858.jpg,0
2859,train/002859.jpg,1
2860,train/002860.jpg,1
2861,train/002861.jpg,1
2862,train/002862.jpg,0
2863,train/002863.jpg,0
2864,train/002864.jpg,0
2865,train/002865.jpg,1
2866,train/002866.jpg,1
2867,train/002867.jpg,1
2868,train/002868.jpg,0
2869,train/002869.jpg,0
2870,train/002870.jpg,0
2871,train/002871.jpg,1
2872,train/002872.jpg,1
2873,train/002873.jpg,0
2874,train/002874.jpg,1
2875,train/002875.jpg,1
2876,train/002876.jpg,0
2877,train/002877.jpg,0
2878,train/002878.jpg,0
2879,train/002879.jpg,1
2880,train/002880.jpg,0
2881,train/002881.jpg,0
2882,train/002882.jpg,1
2883,train/002883.jpg,1
2884,train/002884.jpg,1
2885,train/002885.jpg,0
2886,train/002886.jpg,0
2887,train/002887.jpg,0
2888,train/002888.jpg,0
2889,train/002889.jpg,0
2890,train/002890.jpg,0
2891,train/002891.jpg,1
2892,train/002892.jpg,0
2893,train/002893.jpg,1
2894,train/002894.jpg,0
2895,train/002895.jpg,1
2896,train/002896.jpg,0
2897,train/002897.jpg,1
2898,train/002898.jpg,1
2899,train/002899.jpg,0
2900,train/002900.jpg,0
2901,train/002901.jpg,1
2902,train/002902.jpg,0
2903,train/002903.jpg,1
2904,train/002904.jpg,0
2905,train/002905.jpg,1
2906,train/002906.jpg,0
2907,train/002907.jpg,1
2908,train/002908.jpg,1
2909,train/002909.jpg,0
2910,train/002910.jpg,0
2911,train/002911.jpg,0
2912,train/002912.jpg,0
2913,train/002913.jpg,1
2914,train/002914.jpg,1
2915,train/002915.jpg,0
2916,train/002916.jpg,0
2917,train/002917.jpg,1
2918,train/002918.jpg,1
2919,train/002919.jpg,0
2920,train/002920.jpg,0
2921,train/002921.jpg,1
2922,train/002922.jpg,0
2923,train/002923.jpg,1
2924,train/002924.jpg,0
2925,train/002925.jpg,1
2926,train/002926.jpg,0
2927,train/002927.jpg,1
2928,train/002928.jpg,0
2929,train/002929.jpg,0
2930,train/002930.jpg,1
2931,train/002931.jpg,1
2932,train/002932.jpg,0
2933,train/002933.jpg,1
2934,train/002934.jpg,0
2935,train/002935.jpg,0
2936,train/002936.jpg,0
2937,train/002937.jpg,1
2938,train/002938.jpg,0
2939,train/002939.jpg,1
2940,train/002940.jpg,1
2941,train/002941.jpg,1
2942,train/002942.jpg,0
2943,train/002943.jpg,0
2944,train/002944.jpg,0
2945,train/002945.jpg,1
2946,train/002946.jpg,0
2947,train/002947.jpg,1
2948,train/002948.jpg,1
2949,train/002949.jpg,1
2950,train/002950.jpg,1
2951,train/002951.jpg,1
2952,train/002952.jpg,0
2953,train/002953.jpg,0
2954,train/002954.jpg,0
2955,train/002955.jpg,0
2956,train/002956.jpg,0
2957,train/002957.jpg,0
2958,train/002958.jpg,1
2959,train/002959.jpg,0
2960,train/002960.jpg,0
2961,train/002961.jpg,1
2962,train/002962.jpg,0
2963,train/002963.jpg,0
2964,train/002964.jpg,1
2965,train/002965.jpg,0
2966,train/002966.jpg,0
2967,train/002967.jpg,0
2968,train/002968.jpg,1
2969,train/002969.jpg,1
2970,train/002970.jpg,0
2971,train/002971.jpg,0
2972,train/002972.jpg,1
2973,train/002973.jpg,0
2974,train/002974.jpg,1
2975,train/002975.jpg,1
2976,train/002976.jpg,0
2977,train/002977.jpg,0
2978,train/002978.jpg,0
2979,train/002979.jpg,0
2980,train/002980.jpg,1
2981,train/002981.jpg,0
2982,train/002982.jpg,1
2983,train/002983.jpg,1
2984,train/002984.jpg,1
2985,train/002985.jpg,0
2986,train/002986.jpg,1
2987,train/002987.jpg,0
2988,train/002988.jpg,0
2989,train/002989.jpg,1
2990,train/002990.jpg,1
2991,train/002991.jpg,0
2992,train/002992.jpg,1
2993,train/002993.jpg,0
2994,train/002994.jpg,0
2995,train/002995.jpg,0
2996,train/002996.jpg,1
2997,train/002997.jpg,0
2998,train/002998.jpg,1
2999,train/002999.jpg,0
3000,train/003000.jpg,1
3001,train/003001.jpg,0
3002,train/003002.jpg,1
3003,train/003003.jpg,1
3004,train/003004.jpg,0
3005,train/003005.jpg,0
3006,train/003006.jpg,0
3007,train/003007.jpg,0
3008,train/003008.jpg,0
3009,train/003009.jpg,0
3010,train/003010.jpg,1
3011,train/003011.jpg,1
3012,train/003012.jpg,0
3013,train/003013.jpg,1
3014,train/003014.jpg,0
3015,train/003015.jpg,1
3016,train/003016.jpg,0
3017,train/003017.jpg,1
3018,train/003018.jpg,0
3019,train/003019.jpg,1
3020,train/003020.jpg,1
3021,train/003021.jpg,1
3022,train/003022.jpg,1
3023,train/003023.jpg,0
3024,train/003024.jpg,0
3025,train/003025.jpg,0
3026,train/003026.jpg,1
3027,train/003027.jpg,1
3028,train/003028.jpg,1
3029,train/003029.jpg,1
3030,train/003030.jpg,0
3031,train/003031.jpg,1
3032,train/003032.jpg,1
3033,train/003033.jpg,1
3034,train/003034.jpg,0
3035,train/003035.jpg,0
3036,train/003036.jpg,0
3037,train/003037.jpg,1
3038,train/003038.jpg,0
3039,train/003039.jpg,1
3040,train/003040.jpg,0
3041,train/003041.jpg,0
3042,train/003042.jpg,0
3043,train/003043.jpg,0
3044,train/003044.jpg,1
3045,train/003045.jpg,0
3046,train/003046.jpg,0
3047,train/003047.jpg,1
3048,train/003048.jpg,1
3049,train/003049.jpg,0
3050,train/003050.jpg,0
3051,train/003051.jpg,1
3052,train/003052.jpg,0
3053,train/003053.jpg,0
3054,train/003054.jpg,0
3055,train/003055.jpg,0
3056,train/003056.jpg,1
3057,train/003057.jpg,0
3058,train/003058.jpg,0
3059,train/003059.jpg,1
3060,train/003060.jpg,1
3061,train/003061.jpg,1
3062,train/003062.jpg,0
3063,train/003063.jpg,0
3064,train/003064.jpg,1
3065,train/003065.jpg,1
3066,train/003066.jpg,1
3067,train/003067.jpg,0
3068,train/003068.jpg,1
3069,train/003069.jpg,0
3070,train/003070.jpg,1
3071,train/003071.jpg,1
3072,train/003072.jpg,1
3073,train/003073.jpg,1
3074,train/003074.jpg,1
3075,train/003075.jpg,1
3076,train/003076.jpg,0
3077,train/003077.jpg,1
3078,train/003078.jpg,0
3079,train/003079.jpg,1
3080,train/003080.jpg,1
3081,train/003081.jpg,0
3082,train/003082.jpg,1
3083,train/003083.jpg,0
3084,train/003084.jpg,1
3085,train/003085.jpg,0
3086,train/003086.jpg,1
3087,train/003087.jpg,1
3088,train/003088.jpg,0
3089,train/003089.jpg,0
3090,train/003090.jpg,0
3091,train/003091.jpg,0
3092,train/003092.jpg,0
3093,train/003093.jpg,1
3094,train/003094.jpg,0
3095,train/003095.jpg,1
3096,train/003096.jpg,0
3097,train/003097.jpg,1
3098,train/003098.jpg,1
3099,train/003099.jpg,0
3100,train/003100.jpg,1
3101,train/003101.jpg,1
3102,train/003102.jpg,0
3103,train/003103.jpg,0
3104,train/003104.jpg,0
3105,train/003105.jpg,1
3106,train/003106.jpg,1
3107,train/003107.jpg,0
3108,train/003108.jpg,0
3109,train/003109.jpg,0
3110,train/003110.jpg,0
3111,train/003111.jpg,1
3112,train/003112.jpg,0
3113,train/003113.jpg,1
3114,train/003114.jpg,0
3115,train/003115.jpg,0
3116,train/003116.jpg,1
3117,train/003117.jpg,1
3118,train/003118.jpg,0
3119,train/003119.jpg,0
3120,train/003120.jpg,0
3121,train/003121.jpg,1
3122,train/003122.jpg,0
3123,train/003123.jpg,1
3124,train/003124.jpg,1
3125,train/003125.jpg,1
3126,train/003126.jpg,0
3127,train/003127.jpg,1
3128,train/003128.jpg,1
3129,train/003129.jpg,1
3130,train/003130.jpg,0
3131,train/003131.jpg,1
3132,train/003132.jpg,0
3133,train/003133.jpg,0
3134,train/003134.jpg,1
3135,train/003135.jpg,1
3136,train/003136.jpg,0
3137,train/003137.jpg,0
3138,train/003138.jpg,0
3139,train/003139.jpg,1
3140,train/003140.jpg,0
3141,train/003141.jpg,1
3142,train/003142.jpg,0
3143,train/003143.jpg,1
3144,train/003144.jpg,0
3145,train/003145.jpg,1
3146,train/003146.jpg,1
3147,train/003147.jpg,0
3148,train/003148.jpg,0
3149,train/003149.jpg,0
3150,train/003150.jpg,0
3151,train/003151.jpg,0
3152,train/003152.jpg,1
3153,train/003153.jpg,1
3154,train/003154.jpg,0
3155,train/003155.jpg,0
3156,train/003156.jpg,1
3157,train/003157.jpg,0
3158,train/003158.jpg,1
3159,train/003159.jpg,1
3160,train/003160.jpg,0
3161,train/003161.jpg,1
3162,train/003162.jpg,1
3163,train/003163.jpg,0
3164,train/003164.jpg,0
3165,train/003165.jpg,1
3166,train/003166.jpg,1
3167,train/003167.jpg,1
3168,train/003168.jpg,0
3169,train/003169.jpg,0
3170,train/003170.jpg,0
3171,train/003171.jpg,1
3172,train/003172.jpg,1
3173,train/003173.jpg,0
3174,train/003174.jpg,1
3175,train/003175.jpg,1
3176,train/003176.jpg,1
3177,train/003177.jpg,1
3178,train/003178.jpg,1
3179,train/003179.jpg,0
3180,train/003180.jpg,0
3181,train/003181.jpg,1
3182,train/003182.jpg,1
3183,train/003183.jpg,1
3184,train/003184.jpg,1
3185,train/003185.jpg,1
3186,train/003186.jpg,1
3187,train/003187.jpg,1
3188,train/003188.jpg,1
3189,train/003189.jpg,0
3190,train/003190.jpg,0
3191,train/003191.jpg,1
3192,train/003192.jpg,0
3193,train/003193.jpg,0
3194,train/003194.jpg,0
3195,train/003195.jpg,1
3196,train/003196.jpg,0
3197,train/003197.jpg,0
3198,train/003198.jpg,0
3199,train/003199.jpg,1
3200,train/003200.jpg,1
3201,train/003201.jpg,1
3202,train/003202.jpg,1
3203,train/003203.jpg,1
3204,train/003204.jpg,0
3205,train/003205.jpg,1
3206,train/003206.jpg,1
3207,train/003207.jpg,1
3208,train/003208.jpg,1
3209,train/003209.jpg,0
3210,train/003210.jpg,0
3211,train/003211.jpg,1
3212,train/003212.jpg,0
3213,train/003213.jpg,1
3214,train/003214.jpg,1
3215,train/003215.jpg,0
3216,train/003216.jpg,1
3217,train/003217.jpg,0
3218,train/003218.jpg,1
3219,train/003219.jpg,0
3220,train/003220.jpg,1
3221,train/003221.jpg,0
3222,train/003222.jpg,1
3223,train/003223.jpg,0
3224,train/003224.jpg,1
3225,train/003225.jpg,1
3226,train/003226.jpg,0
3227,train/003227.jpg,1
3228,train/003228.jpg,0
3229,train/003229.jpg,0
3230,train/003230.jpg,0
3231,train/003231.jpg,0
3232,train/003232.jpg,0
3233,train/003233.jpg,0
3234,train/003234.jpg,1
3235,train/003235.jpg,0
3236,train/003236.jpg,0
3237,train/003237.jpg,1
3238,train/003238.jpg,1
3239,train/003239.jpg,0
3240,train/003240.jpg,1
3241,train/003241.jpg,0
3242,train/003242.jpg,1
3243,train/003243.jpg,1
3244,train/003244.jpg,0
3245,train/003245.jpg,0
3246,train/003246.jpg,0
3247,train/003247.jpg,0
3248,train/003248.jpg,0
3249,train/003249.jpg,0
3250,train/003250.jpg,1
3251,train/003251.jpg,0
3252,train/003252.jpg,1
3253,train/003253.jpg,1
3254,train/003254.jpg,0
3255,train/003255.jpg,0
3256,train/003256.jpg,0
3257,train/003257.jpg,1
3258,train/003258.jpg,1
3259,train/003259.jpg,1
3260,train/003260.jpg,1
3261,train/003261.jpg,0
3262,train/003262.jpg,1
3263,train/003263.jpg,1
3264,train/003264.jpg,0
3265,train/003265.jpg,0
3266,train/003266.jpg,1
3267,train/003267.jpg,0
3268,train/003268.jpg,1
3269,train/003269.jpg,1
3270,train/003270.jpg,0
3271,train/003271.jpg,1
3272,train/003272.jpg,0
3273,train/003273.jpg,1
3274,train/003274.jpg,1
3275,train/003275.jpg,0
3276,train/003276.jpg,1
3277,train/003277.jpg,0
3278,train/003278.jpg,1
3279,train/003279.jpg,1
3280,train/003280.jpg,1
3281,train/003281.jpg,0
3282,train/003282.jpg,0
3283,train/003283.jpg,0
3284,train/003284.jpg,1
3285,train/003285.jpg,0
3286,train/003286.jpg,1
3287,train/003287.jpg,1
3288,train/003288.jpg,0
3289,train/003289.jpg,1
3290,train/003290.jpg,0
3291,train/003291.jpg,0
3292,train/003292.jpg,0
3293,train/003293.jpg,0
3294,train/003294.jpg,1
3295,train/003295.jpg,1
3296,train/003296.jpg,1
3297,train/003297.jpg,1
3298,train/003298.jpg,0
3299,train/003299.jpg,1
3300,train/003300.jpg,0
3301,train/003301.jpg,1
3302,train/003302.jpg,0
3303,train/003303.jpg,0
3304,train/003304.jpg,0
3305,train/003305.jpg,1
3306,train/003306.jpg,0
3307,train/003307.jpg,0
3308,train/003308.jpg,1
3309,train/003309.jpg,0
3310,train/003310.jpg,0
3311,train/003311.jpg,0
3312,train/003312.jpg,0
3313,train/003313.jpg,1
3314,train/003314.jpg,0
3315,train/003315.jpg,1
3316,train/003316.jpg,1
3317,train/003317.jpg,0
3318,train/003318.jpg,1
3319,train/003319.jpg,0
3320,train/003320.jpg,1
3321,train/003321.jpg,1
3322,train/003322.jpg,1
3323,train/003323.jpg,0
3324,train/003324.jpg,1
3325,train/003325.jpg,0
3326,train/003326.jpg,0
3327,train/003327.jpg,0
3328,train/003328.jpg,1
3329,train/003329.jpg,0
3330,train/003330.jpg,0
3331,train/003331.jpg,0
3332,train/003332.jpg,1
3333,train/003333.jpg,1
3334,train/003334.jpg,1
3335,train/003335.jpg,1
3336,train/003336.jpg,1
3337,train/003337.jpg,1
3338,train/003338.jpg,0
3339,train/003339.jpg,1
3340,train/003340.jpg,0
3341,train/003341.jpg,0
3342,train/003342.jpg,0
3343,train/003343.jpg,0
3344,train/003344.jpg,0
3345,train/003345.jpg,1
3346,train/003346.jpg,1
3347,train/003347.jpg,0
3348,train/003348.jpg,0
3349,train/003349.jpg,0
3350,train/003350.jpg,1
3351,train/003351.jpg,0
3352,train/003352.jpg,1
3353,train/003353.jpg,1
3354,train/003354.jpg,1
3355,train/003355.jpg,0
3356,train/003356.jpg,0
3357,train/003357.jpg,0
3358,train/003358.jpg,0
3359,train/003359.jpg,1
3360,train/003360.jpg,1
3361,train/003361.jpg,0
3362,train/003362.jpg,1
3363,train/003363.jpg,0
3364,train/003364.jpg,0
3365,train/003365.jpg,1
3366,train/003366.jpg,0
3367,train/003367.jpg,0
3368,train/003368.jpg,1
3369,train/003369.jpg,1
3370,train/003370.jpg,0
3371,train/003371.jpg,0
3372,train/003372.jpg,0
3373,train/003373.jpg,1
3374,train/003374.jpg,1
3375,train/003375.jpg,1
3376,train/003376.jpg,1
3377,train/003377.jpg,1
3378,train/003378.jpg,0
3379,train/003379.jpg,0
3380,train/003380.jpg,1
3381,train/003381.jpg,1
3382,train/003382.jpg,0
3383,train/003383.jpg,1
3384,train/003384.jpg,1
3385,train/003385.jpg,0
3386,train/003386.jpg,0
3387,train/003387.jpg,0
3388,train/003388.jpg,0
3389,train/003389.jpg,0
3390,train/003390.jpg,0
3391,train/003391.jpg,0
3392,train/003392.jpg,1
3393,train/003393.jpg,0
3394,train/003394.jpg,0
3395,train/003395.jpg,1
3396,train/003396.jpg,0
3397,train/003397.jpg,1
3398,train/003398.jpg,1
3399,train/003399.jpg,0
3400,train/003400.jpg,1
3401,train/003401.jpg,1
3402,train/003402.jpg,0
3403,train/003403.jpg,0
3404,train/003404.jpg,1
3405,train/003405.jpg,1
3406,train/003406.jpg,1
3407,train/003407.jpg,1
3408,train/003408.jpg,1
3409,train/003409.jpg,0
3410,train/003410.jpg,1
3411,train/003411.jpg,1
3412,train/003412.jpg,0
3413,train/003413.jpg,1
3414,train/003414.jpg,0
3415,train/003415.jpg,1
3416,train/003416.jpg,1
3417,train/003417.jpg,1
3418,train/003418.jpg,0
3419,train/003419.jpg,1
3420,train/003420.jpg,1
3421,train/003421.jpg,1
3422,train/003422.jpg,0
3423,train/003423.jpg,0
3424,train/003424.jpg,0
3425,train/003425.jpg,0
3426,train/003426.jpg,1
3427,train/003427.jpg,0
3428,train/003428.jpg,0
3429,train/003429.jpg,0
3430,train/003430.jpg,1
3431,train/003431.jpg,0
3432,train/003432.jpg,0
3433,train/003433.jpg,0
3434,train/003434.jpg,1
3435,train/003435.jpg,1
3436,train/003436.jpg,1
3437,train/003437.jpg,0
3438,train/003438.jpg,0
3439,train/003439.jpg,1
3440,train/003440.jpg,1
3441,train/003441.jpg,0
3442,train/003442.jpg,0
3443,train/003443.jpg,1
3444,train/003444.jpg,1
3445,train/003445.jpg,1
3446,train/003446.jpg,1
3447,train/003447.jpg,1
3448,train/003448.jpg,0
3449,train/003449.jpg,1
3450,train/003450.jpg,1
3451,train/003451.jpg,1
3452,train/003452.jpg,1
3453,train/003453.jpg,0
3454,train/003454.jpg,1
3455,train/003455.jpg,1
3456,train/003456.jpg,1
3457,train/003457.jpg,1
3458,train/003458.jpg,0
3459,train/003459.jpg,0
3460,train/003460.jpg,1
3461,train/003461.jpg,0
3462,train/003462.jpg,1
3463,train/003463.jpg,1
3464,train/003464.jpg,1
3465,train/003465.jpg,0
3466,train/003466.jpg,0
3467,train/003467.jpg,0
3468,train/003468.jpg,0
3469,train/003469.jpg,1
3470,train/003470.jpg,1
3471,train/003471.jpg,1
3472,train/003472.jpg,1
3473,train/003473.jpg,1
3474,train/003474.jpg,1
3475,train/003475.jpg,0
3476,train/003476.jpg,1
3477,train/003477.jpg,1
3478,train/003478.jpg,0
3479,train/003479.jpg,1
3480,train/003480.jpg,1
3481,train/003481.jpg,0
3482,train/003482.jpg,0
3483,train/003483.jpg,0
3484,train/003484.jpg,1
3485,train/003485.jpg,1
3486,train/003486.jpg,0
3487,train/003487.jpg,0
3488,train/003488.jpg,1
3489,train/003489.jpg,0
3490,train/003490.jpg,1
3491,train/003491.jpg,0
3492,train/003492.jpg,0
3493,train/003493.jpg,0
3494,train/003494.jpg,1
3495,train/003495.jpg,0
3496,train/003496.jpg,1
3497,train/003497.jpg,0
3498,train/003498.jpg,0
3499,train/003499.jpg,0
3500,train/003500.jpg,0
3501,train/003501.jpg,0
3502,train/003502.jpg,1
3503,train/003503.jpg,0
3504,train/003504.jpg,0
3505,train/003505.jpg,1
3506,train/003506.jpg,1
3507,train/003507.jpg,1
3508,train/003508.jpg,0
3509,train/003509.jpg,0
3510,train/003510.jpg,0
3511,train/003511.jpg,1
3512,train/003512.jpg,0
3513,train/003513.jpg,0
3514,train/003514.jpg,1
3515,train/003515.jpg,1
3516,train/003516.jpg,1
3517,train/003517.jpg,0
3518,train/003518.jpg,1
3519,train/003519.jpg,1
3520,train/003520.jpg,0
3521,train/003521.jpg,0
3522,train/003522.jpg,0
3523,train/003523.jpg,0
3524,train/003524.jpg,1
3525,train/003525.jpg,1
3526,train/003526.jpg,1
3527,train/003527.jpg,0
3528,train/003528.jpg,1
3529,train/003529.jpg,0
3530,train/003530.jpg,0
3531,train/003531.jpg,1
3532,train/003532.jpg,0
3533,train/003533.jpg,1
3534,train/003534.jpg,1
3535,train/003535.jpg,1
3536,train/003536.jpg,0
3537,train/003537.jpg,0
3538,train/003538.jpg,1
3539,train/003539.jpg,1
3540,train/003540.jpg,0
3541,train/003541.jpg,0
3542,train/003542.jpg,1
3543,train/003543.jpg,1
3544,train/003544.jpg,1
3545,train/003545.jpg,0
3546,train/003546.jpg,0
3547,train/003547.jpg,0
3548,train/003548.jpg,0
3549,train/003549.jpg,0
3550,train/003550.jpg,1
3551,train/003551.jpg,0
3552,train/003552.jpg,1
3553,train/003553.jpg,1
3554,train/003554.jpg,0
3555,train/003555.jpg,1
3556,train/003556.jpg,0
3557,train/003557.jpg,1
3558,train/003558.jpg,1
3559,train/003559.jpg,1
3560,train/003560.jpg,1
3561,train/003561.jpg,1
3562,train/003562.jpg,0
3563,train/003563.jpg,1
3564,train/003564.jpg,1
3565,train/003565.jpg,0
3566,train/003566.jpg,1
3567,train/003567.jpg,1
3568,train/003568.jpg,0
3569,train/003569.jpg,0
3570,train/003570.jpg,0
3571,train/003571.jpg,0
3572,train/003572.jpg,1
3573,train/003573.jpg,0
3574,train/003574.jpg,1
3575,train/003575.jpg,1
3576,train/003576.jpg,0
3577,train/003577.jpg,1
3578,train/003578.jpg,0
3579,train/003579.jpg,1
3580,train/003580.jpg,0
3581,train/003581.jpg,0
3582,train/003582.jpg,1
3583,train/003583.jpg,1
3584,train/003584.jpg,0
3585,train/003585.jpg,0
3586,train/003586.jpg,0
3587,train/003587.jpg,0
3588,train/003588.jpg,0
3589,train/003589.jpg,0
3590,train/003590.jpg,1
3591,train/003591.jpg,0
3592,train/003592.jpg,1
3593,train/003593.jpg,1
3594,train/003594.jpg,0
3595,train/003595.jpg,0
3596,train/003596.jpg,1
3597,train/003597.jpg,0
3598,train/003598.jpg,0
3599,train/003599.jpg,1
